Generation,Match_ID,Deck1_Name,Deck2_Name,Winner,Deck1_Wins,Deck2_Wins,Duration_Seconds,Worker_ID,Forge_Output_File,Error_Message,Timestamp
0,Gen0_Match2_1752894367,Gen0_Deck0,Gen0_Deck2,Gen0_Deck0,1,0,27.622506618499756,3458969,Gen0_Match2_1752894367.txt,,2025-07-19T03:06:34.665093
0,Gen0_Match3_1752894367,Gen0_Deck3,Gen0_Deck0,Gen0_Deck0,0,1,30.717076063156128,3458970,Gen0_Match3_1752894367.txt,,2025-07-19T03:06:37.817595
0,Gen0_Match1_1752894367,Gen0_Deck0,Gen0_Deck1,Gen0_Deck0,1,0,50.51470947265625,3458968,Gen0_Match1_1752894367.txt,,2025-07-19T03:06:57.554008
0,Gen0_Match4_1752894367,Gen0_Deck0,Gen0_Deck4,Gen0_Deck0,1,0,23.46185541152954,3458969,Gen0_Match4_1752894367.txt,,2025-07-19T03:06:58.127652
0,Gen0_Match5_1752894367,Gen0_Deck5,Gen0_Deck0,Gen0_Deck5,1,0,36.68631315231323,3458970,Gen0_Match5_1752894367.txt,,2025-07-19T03:07:14.504706
0,Gen0_Match7_1752894367,Gen0_Deck7,Gen0_Deck0,Gen0_Deck0,0,1,28.046334505081177,3458969,Gen0_Match7_1752894367.txt,,2025-07-19T03:07:26.174419
0,Gen0_Match6_1752894367,Gen0_Deck6,Gen0_Deck0,Gen0_Deck6,1,0,39.577731132507324,3458968,Gen0_Match6_1752894367.txt,,2025-07-19T03:07:37.132448
0,Gen0_Match9_1752894367,Gen0_Deck9,Gen0_Deck0,Gen0_Deck0,0,1,36.67603349685669,3458969,Gen0_Match9_1752894367.txt,,2025-07-19T03:08:02.850916
0,Gen0_Match10_1752894367,Gen0_Deck10,Gen0_Deck0,Gen0_Deck0,0,1,30.77165412902832,3458968,Gen0_Match10_1752894367.txt,,2025-07-19T03:08:07.904684
0,Gen0_Match8_1752894367,Gen0_Deck0,Gen0_Deck8,Gen0_Deck0,1,0,58.32337141036987,3458970,Gen0_Match8_1752894367.txt,,2025-07-19T03:08:12.828613
0,Gen0_Match12_1752894367,Gen0_Deck0,Gen0_Deck12,Gen0_Deck12,0,1,28.767125844955444,3458968,Gen0_Match12_1752894367.txt,,2025-07-19T03:08:36.672304
0,Gen0_Match13_1752894367,Gen0_Deck13,Gen0_Deck0,Gen0_Deck13,1,0,39.21662664413452,3458970,Gen0_Match13_1752894367.txt,,2025-07-19T03:08:52.045821
0,Gen0_Match14_1752894367,Gen0_Deck0,Gen0_Deck14,Gen0_Deck0,1,0,21.923587322235107,3458968,Gen0_Match14_1752894367.txt,,2025-07-19T03:08:58.596353
0,Gen0_Match15_1752894367,Gen0_Deck0,Gen0_Deck15,Gen0_Deck0,1,0,26.998917818069458,3458970,Gen0_Match15_1752894367.txt,,2025-07-19T03:09:19.045205
0,Gen0_Match16_1752894367,Gen0_Deck0,Gen0_Deck16,Gen0_Deck0,1,0,28.55869460105896,3458968,Gen0_Match16_1752894367.txt,,2025-07-19T03:09:27.155521
0,Gen0_Match11_1752894367,Gen0_Deck0,Gen0_Deck11,Gen0_Deck0,1,0,103.28721475601196,3458969,Gen0_Match11_1752894367.txt,,2025-07-19T03:09:46.138690
0,Gen0_Match18_1752894367,Gen0_Deck0,Gen0_Deck18,Gen0_Deck0,1,0,21.56059169769287,3458968,Gen0_Match18_1752894367.txt,,2025-07-19T03:09:48.716540
0,Gen0_Match20_1752894367,Gen0_Deck20,Gen0_Deck0,Gen0_Deck0,0,1,31.7375910282135,3458968,Gen0_Match20_1752894367.txt,,2025-07-19T03:10:20.454624
0,Gen0_Match17_1752894367,Gen0_Deck17,Gen0_Deck0,Gen0_Deck17,1,0,65.34718060493469,3458970,Gen0_Match17_1752894367.txt,,2025-07-19T03:10:24.392844
0,Gen0_Match22_1752894367,Gen0_Deck0,Gen0_Deck22,Gen0_Deck0,1,0,19.94085931777954,3458970,Gen0_Match22_1752894367.txt,,2025-07-19T03:10:44.334147
0,Gen0_Match21_1752894367,Gen0_Deck21,Gen0_Deck0,Gen0_Deck0,0,1,48.06706619262695,3458968,Gen0_Match21_1752894367.txt,,2025-07-19T03:11:08.522242
0,Gen0_Match19_1752894367,Gen0_Deck0,Gen0_Deck19,Gen0_Deck19,0,1,82.74125647544861,3458969,Gen0_Match19_1752894367.txt,,2025-07-19T03:11:08.880556
0,Gen0_Match23_1752894367,Gen0_Deck0,Gen0_Deck23,Gen0_Deck0,1,0,28.967195510864258,3458970,Gen0_Match23_1752894367.txt,,2025-07-19T03:11:13.301829
0,Gen0_Match25_1752894367,Gen0_Deck2,Gen0_Deck1,Gen0_Deck2,1,0,28.579417943954468,3458969,Gen0_Match25_1752894367.txt,,2025-07-19T03:11:37.460445
0,Gen0_Match26_1752894367,Gen0_Deck1,Gen0_Deck3,Gen0_Deck3,0,1,25.058075189590454,3458970,Gen0_Match26_1752894367.txt,,2025-07-19T03:11:38.360374
0,Gen0_Match24_1752894367,Gen0_Deck24,Gen0_Deck0,Gen0_Deck0,0,1,38.81741118431091,3458968,Gen0_Match24_1752894367.txt,,2025-07-19T03:11:47.340077
0,Gen0_Match28_1752894367,Gen0_Deck5,Gen0_Deck1,Gen0_Deck5,1,0,32.815509557724,3458970,Gen0_Match28_1752894367.txt,,2025-07-19T03:12:11.176370
0,Gen0_Match29_1752894367,Gen0_Deck6,Gen0_Deck1,Gen0_Deck1,0,1,33.93118691444397,3458968,Gen0_Match29_1752894367.txt,,2025-07-19T03:12:21.271756
0,Gen0_Match27_1752894367,Gen0_Deck1,Gen0_Deck4,Gen0_Deck4,0,1,45.920615673065186,3458969,Gen0_Match27_1752894367.txt,,2025-07-19T03:12:23.381602
0,Gen0_Match30_1752894367,Gen0_Deck1,Gen0_Deck7,Gen0_Deck1,1,0,29.712292909622192,3458970,Gen0_Match30_1752894367.txt,,2025-07-19T03:12:40.889107
0,Gen0_Match31_1752894367,Gen0_Deck8,Gen0_Deck1,Gen0_Deck1,0,1,28.696094036102295,3458968,Gen0_Match31_1752894367.txt,,2025-07-19T03:12:49.968316
0,Gen0_Match32_1752894367,Gen0_Deck9,Gen0_Deck1,Gen0_Deck9,1,0,28.502483367919922,3458969,Gen0_Match32_1752894367.txt,,2025-07-19T03:12:51.884526
0,Gen0_Match33_1752894367,Gen0_Deck1,Gen0_Deck10,Gen0_Deck1,1,0,27.302042961120605,3458970,Gen0_Match33_1752894367.txt,,2025-07-19T03:13:08.191603
0,Gen0_Match34_1752894367,Gen0_Deck1,Gen0_Deck11,Gen0_Deck1,1,0,45.17954921722412,3458968,Gen0_Match34_1752894367.txt,,2025-07-19T03:13:35.148344
0,Gen0_Match36_1752894367,Gen0_Deck13,Gen0_Deck1,Gen0_Deck1,0,1,39.67969989776611,3458970,Gen0_Match36_1752894367.txt,,2025-07-19T03:13:47.871793
0,Gen0_Match37_1752894367,Gen0_Deck1,Gen0_Deck14,Gen0_Deck1,1,0,22.114529609680176,3458968,Gen0_Match37_1752894367.txt,,2025-07-19T03:13:57.263305
0,Gen0_Match38_1752894367,Gen0_Deck15,Gen0_Deck1,Gen0_Deck1,0,1,24.747088193893433,3458970,Gen0_Match38_1752894367.txt,,2025-07-19T03:14:12.619334
0,Gen0_Match35_1752894367,Gen0_Deck12,Gen0_Deck1,Gen0_Deck12,1,0,90.9836676120758,3458969,Gen0_Match35_1752894367.txt,,2025-07-19T03:14:22.869068
0,Gen0_Match39_1752894367,Gen0_Deck16,Gen0_Deck1,Gen0_Deck1,0,1,27.540571689605713,3458968,Gen0_Match39_1752894367.txt,,2025-07-19T03:14:24.804320
0,Gen0_Match40_1752894367,Gen0_Deck1,Gen0_Deck17,Gen0_Deck1,1,0,47.840150594711304,3458970,Gen0_Match40_1752894367.txt,,2025-07-19T03:15:00.460070
0,Gen0_Match43_1752894367,Gen0_Deck20,Gen0_Deck1,Gen0_Deck20,1,0,17.976868391036987,3458970,Gen0_Match43_1752894367.txt,,2025-07-19T03:15:18.437377
0,Gen0_Match44_1752894367,Gen0_Deck1,Gen0_Deck21,Gen0_Deck1,1,0,29.396241188049316,3458970,Gen0_Match44_1752894367.txt,,2025-07-19T03:15:47.834156
0,Gen0_Match41_1752894367,Gen0_Deck1,Gen0_Deck18,Gen0_Deck1,1,0,95.72540712356567,3458969,Gen0_Match41_1752894367.txt,,2025-07-19T03:15:58.595068
0,Gen0_Match45_1752894367,Gen0_Deck22,Gen0_Deck1,Gen0_Deck1,0,1,21.272849321365356,3458970,Gen0_Match45_1752894367.txt,,2025-07-19T03:16:09.107439
0,Gen0_Match46_1752894367,Gen0_Deck23,Gen0_Deck1,Gen0_Deck1,0,1,21.200904369354248,3458969,Gen0_Match46_1752894367.txt,,2025-07-19T03:16:19.796388
0,Gen0_Match47_1752894367,Gen0_Deck1,Gen0_Deck24,Gen0_Deck1,1,0,21.513694286346436,3458970,Gen0_Match47_1752894367.txt,,2025-07-19T03:16:30.621547
0,Gen0_Match42_1752894367,Gen0_Deck19,Gen0_Deck1,Gen0_Deck19,1,0,134.18146133422852,3458968,Gen0_Match42_1752894367.txt,,2025-07-19T03:16:38.986352
0,Gen0_Match48_1752894367,Gen0_Deck3,Gen0_Deck2,Gen0_Deck3,1,0,27.9169340133667,3458969,Gen0_Match48_1752894367.txt,,2025-07-19T03:16:47.713741
0,Gen0_Match49_1752894367,Gen0_Deck4,Gen0_Deck2,Gen0_Deck2,0,1,35.71257781982422,3458970,Gen0_Match49_1752894367.txt,,2025-07-19T03:17:06.334574
0,Gen0_Match50_1752894367,Gen0_Deck2,Gen0_Deck5,Gen0_Deck5,0,1,28.093635320663452,3458968,Gen0_Match50_1752894367.txt,,2025-07-19T03:17:07.080394
0,Gen0_Match51_1752894367,Gen0_Deck6,Gen0_Deck2,Gen0_Deck2,0,1,32.99334669113159,3458969,Gen0_Match51_1752894367.txt,,2025-07-19T03:17:20.707540
0,Gen0_Match53_1752894367,Gen0_Deck2,Gen0_Deck8,Gen0_Deck2,1,0,25.357691287994385,3458968,Gen0_Match53_1752894367.txt,,2025-07-19T03:17:32.438489
0,Gen0_Match52_1752894367,Gen0_Deck7,Gen0_Deck2,Gen0_Deck2,0,1,26.670039415359497,3458970,Gen0_Match52_1752894367.txt,,2025-07-19T03:17:33.005020
0,Gen0_Match54_1752894367,Gen0_Deck2,Gen0_Deck9,Gen0_Deck9,0,1,25.115313053131104,3458969,Gen0_Match54_1752894367.txt,,2025-07-19T03:17:45.823260
0,Gen0_Match56_1752894367,Gen0_Deck11,Gen0_Deck2,Gen0_Deck2,0,1,25.54082417488098,3458970,Gen0_Match56_1752894367.txt,,2025-07-19T03:17:58.546219
0,Gen0_Match55_1752894367,Gen0_Deck10,Gen0_Deck2,Gen0_Deck2,0,1,29.696237087249756,3458968,Gen0_Match55_1752894367.txt,,2025-07-19T03:18:02.135175
0,Gen0_Match58_1752894367,Gen0_Deck13,Gen0_Deck2,Gen0_Deck2,0,1,28.389643907546997,3458970,Gen0_Match58_1752894367.txt,,2025-07-19T03:18:26.936258
0,Gen0_Match57_1752894367,Gen0_Deck2,Gen0_Deck12,Gen0_Deck2,1,0,42.25449562072754,3458969,Gen0_Match57_1752894367.txt,,2025-07-19T03:18:28.078250
0,Gen0_Match59_1752894367,Gen0_Deck14,Gen0_Deck2,Gen0_Deck2,0,1,30.34791898727417,3458968,Gen0_Match59_1752894367.txt,,2025-07-19T03:18:32.483547
0,Gen0_Match61_1752894367,Gen0_Deck2,Gen0_Deck16,Gen0_Deck2,1,0,26.249850511550903,3458969,Gen0_Match61_1752894367.txt,,2025-07-19T03:18:54.328525
0,Gen0_Match60_1752894367,Gen0_Deck2,Gen0_Deck15,Gen0_Deck15,0,1,36.5637686252594,3458970,Gen0_Match60_1752894367.txt,,2025-07-19T03:19:03.500489
0,Gen0_Match62_1752894367,Gen0_Deck17,Gen0_Deck2,Gen0_Deck2,0,1,37.297688245773315,3458968,Gen0_Match62_1752894367.txt,,2025-07-19T03:19:09.781704
0,Gen0_Match63_1752894367,Gen0_Deck18,Gen0_Deck2,Gen0_Deck2,0,1,28.336458206176758,3458969,Gen0_Match63_1752894367.txt,,2025-07-19T03:19:22.665540
0,Gen0_Match66_1752894367,Gen0_Deck21,Gen0_Deck2,Gen0_Deck2,0,1,22.270487070083618,3458969,Gen0_Match66_1752894367.txt,,2025-07-19T03:19:44.936463
0,Gen0_Match65_1752894367,Gen0_Deck20,Gen0_Deck2,Gen0_Deck20,1,0,46.24600267410278,3458968,Gen0_Match65_1752894367.txt,,2025-07-19T03:19:56.028212
0,Gen0_Match67_1752894367,Gen0_Deck2,Gen0_Deck22,Gen0_Deck2,1,0,26.332401037216187,3458969,Gen0_Match67_1752894367.txt,,2025-07-19T03:20:11.269321
0,Gen0_Match64_1752894367,Gen0_Deck2,Gen0_Deck19,Gen0_Deck19,0,1,84.27820158004761,3458970,Gen0_Match64_1752894367.txt,,2025-07-19T03:20:27.779248
0,Gen0_Match68_1752894367,Gen0_Deck2,Gen0_Deck23,Gen0_Deck2,1,0,41.45756506919861,3458968,Gen0_Match68_1752894367.txt,,2025-07-19T03:20:37.486240
0,Gen0_Match69_1752894367,Gen0_Deck24,Gen0_Deck2,Gen0_Deck2,0,1,28.114585161209106,3458969,Gen0_Match69_1752894367.txt,,2025-07-19T03:20:39.384346
0,Gen0_Match70_1752894367,Gen0_Deck3,Gen0_Deck4,Gen0_Deck3,1,0,33.33257269859314,3458970,Gen0_Match70_1752894367.txt,,2025-07-19T03:21:01.112303
0,Gen0_Match72_1752894367,Gen0_Deck3,Gen0_Deck6,Gen0_Deck6,0,1,25.77972674369812,3458969,Gen0_Match72_1752894367.txt,,2025-07-19T03:21:05.164494
0,Gen0_Match71_1752894367,Gen0_Deck5,Gen0_Deck3,Gen0_Deck5,1,0,42.52362251281738,3458968,Gen0_Match71_1752894367.txt,,2025-07-19T03:21:20.010426
0,Gen0_Match74_1752894367,Gen0_Deck8,Gen0_Deck3,Gen0_Deck3,0,1,33.42726278305054,3458969,Gen0_Match74_1752894367.txt,,2025-07-19T03:21:38.592240
0,Gen0_Match75_1752894367,Gen0_Deck9,Gen0_Deck3,Gen0_Deck9,1,0,27.457141637802124,3458968,Gen0_Match75_1752894367.txt,,2025-07-19T03:21:47.468009
0,Gen0_Match76_1752894367,Gen0_Deck3,Gen0_Deck10,Gen0_Deck10,0,1,24.95056462287903,3458969,Gen0_Match76_1752894367.txt,,2025-07-19T03:22:03.543277
0,Gen0_Match77_1752894367,Gen0_Deck3,Gen0_Deck11,Gen0_Deck11,0,1,24.887088775634766,3458968,Gen0_Match77_1752894367.txt,,2025-07-19T03:22:12.355566
0,Gen0_Match73_1752894367,Gen0_Deck3,Gen0_Deck7,Gen0_Deck7,0,1,89.50495219230652,3458970,Gen0_Match73_1752894367.txt,,2025-07-19T03:22:30.617800
0,Gen0_Match79_1752894367,Gen0_Deck3,Gen0_Deck13,Gen0_Deck13,0,1,35.74563407897949,3458968,Gen0_Match79_1752894367.txt,,2025-07-19T03:22:48.101761
0,Gen0_Match78_1752894367,Gen0_Deck12,Gen0_Deck3,Gen0_Deck12,1,0,49.10244011878967,3458969,Gen0_Match78_1752894367.txt,,2025-07-19T03:22:52.646232
0,Gen0_Match80_1752894367,Gen0_Deck3,Gen0_Deck14,Gen0_Deck14,0,1,23.110415935516357,3458970,Gen0_Match80_1752894367.txt,,2025-07-19T03:22:53.728779
0,Gen0_Match81_1752894367,Gen0_Deck3,Gen0_Deck15,Gen0_Deck15,0,1,25.724419355392456,3458968,Gen0_Match81_1752894367.txt,,2025-07-19T03:23:13.826596
0,Gen0_Match82_1752894367,Gen0_Deck16,Gen0_Deck3,Gen0_Deck3,0,1,27.02981972694397,3458969,Gen0_Match82_1752894367.txt,,2025-07-19T03:23:19.676501
0,Gen0_Match83_1752894367,Gen0_Deck3,Gen0_Deck17,Gen0_Deck3,1,0,40.95519757270813,3458970,Gen0_Match83_1752894367.txt,,2025-07-19T03:23:34.684486
0,Gen0_Match85_1752894367,Gen0_Deck19,Gen0_Deck3,Gen0_Deck19,1,0,28.183552980422974,3458969,Gen0_Match85_1752894367.txt,,2025-07-19T03:23:47.860516
0,Gen0_Match84_1752894367,Gen0_Deck3,Gen0_Deck18,Gen0_Deck3,1,0,47.133530378341675,3458968,Gen0_Match84_1752894367.txt,,2025-07-19T03:24:00.960648
0,Gen0_Match86_1752894367,Gen0_Deck20,Gen0_Deck3,Gen0_Deck3,0,1,36.22991394996643,3458970,Gen0_Match86_1752894367.txt,,2025-07-19T03:24:10.915004
0,Gen0_Match87_1752894367,Gen0_Deck3,Gen0_Deck21,Gen0_Deck3,1,0,23.703088998794556,3458969,Gen0_Match87_1752894367.txt,,2025-07-19T03:24:11.564032
0,Gen0_Match88_1752894367,Gen0_Deck22,Gen0_Deck3,Gen0_Deck3,0,1,27.02335000038147,3458968,Gen0_Match88_1752894367.txt,,2025-07-19T03:24:27.984478
0,Gen0_Match90_1752894367,Gen0_Deck3,Gen0_Deck24,Gen0_Deck24,0,1,25.66552734375,3458969,Gen0_Match90_1752894367.txt,,2025-07-19T03:24:37.230004
0,Gen0_Match89_1752894367,Gen0_Deck23,Gen0_Deck3,Gen0_Deck3,0,1,33.08898115158081,3458970,Gen0_Match89_1752894367.txt,,2025-07-19T03:24:44.004423
0,Gen0_Match91_1752894367,Gen0_Deck4,Gen0_Deck5,Gen0_Deck4,1,0,27.895538806915283,3458968,Gen0_Match91_1752894367.txt,,2025-07-19T03:24:55.880455
0,Gen0_Match92_1752894367,Gen0_Deck6,Gen0_Deck4,Gen0_Deck4,0,1,25.567487478256226,3458969,Gen0_Match92_1752894367.txt,,2025-07-19T03:25:02.797937
0,Gen0_Match93_1752894367,Gen0_Deck7,Gen0_Deck4,Gen0_Deck7,1,0,25.936641216278076,3458970,Gen0_Match93_1752894367.txt,,2025-07-19T03:25:09.941484
0,Gen0_Match94_1752894367,Gen0_Deck4,Gen0_Deck8,Gen0_Deck4,1,0,30.813486099243164,3458968,Gen0_Match94_1752894367.txt,,2025-07-19T03:25:26.694389
0,Gen0_Match95_1752894367,Gen0_Deck4,Gen0_Deck9,Gen0_Deck9,0,1,34.398099422454834,3458969,Gen0_Match95_1752894367.txt,,2025-07-19T03:25:37.196503
0,Gen0_Match97_1752894367,Gen0_Deck4,Gen0_Deck11,Gen0_Deck11,0,1,23.818564414978027,3458968,Gen0_Match97_1752894367.txt,,2025-07-19T03:25:50.513434
0,Gen0_Match96_1752894367,Gen0_Deck10,Gen0_Deck4,Gen0_Deck10,1,0,44.70421838760376,3458970,Gen0_Match96_1752894367.txt,,2025-07-19T03:25:54.646287
0,Gen0_Match98_1752894367,Gen0_Deck4,Gen0_Deck12,Gen0_Deck12,0,1,28.104132175445557,3458969,Gen0_Match98_1752894367.txt,,2025-07-19T03:26:05.301100
0,Gen0_Match100_1752894367,Gen0_Deck14,Gen0_Deck4,Gen0_Deck14,1,0,23.741355895996094,3458970,Gen0_Match100_1752894367.txt,,2025-07-19T03:26:18.388071
0,Gen0_Match101_1752894367,Gen0_Deck4,Gen0_Deck15,Gen0_Deck15,0,1,28.9740092754364,3458969,Gen0_Match101_1752894367.txt,,2025-07-19T03:26:34.275581
0,Gen0_Match102_1752894367,Gen0_Deck4,Gen0_Deck16,Gen0_Deck4,1,0,29.988959789276123,3458970,Gen0_Match102_1752894367.txt,,2025-07-19T03:26:48.377481
0,Gen0_Match99_1752894367,Gen0_Deck13,Gen0_Deck4,Gen0_Deck4,0,1,57.88079881668091,3458968,Gen0_Match99_1752894367.txt,,2025-07-19T03:26:48.394901
0,Gen0_Match103_1752894367,Gen0_Deck17,Gen0_Deck4,Gen0_Deck4,0,1,40.456990480422974,3458969,Gen0_Match103_1752894367.txt,,2025-07-19T03:27:14.733052
0,Gen0_Match105_1752894367,Gen0_Deck4,Gen0_Deck19,Gen0_Deck19,0,1,31.81039810180664,3458968,Gen0_Match105_1752894367.txt,,2025-07-19T03:27:20.205744
0,Gen0_Match104_1752894367,Gen0_Deck4,Gen0_Deck18,Gen0_Deck4,1,0,38.36689615249634,3458970,Gen0_Match104_1752894367.txt,,2025-07-19T03:27:26.744882
0,Gen0_Match106_1752894367,Gen0_Deck20,Gen0_Deck4,Gen0_Deck4,0,1,31.808575868606567,3458969,Gen0_Match106_1752894367.txt,,2025-07-19T03:27:46.542110
0,Gen0_Match107_1752894367,Gen0_Deck21,Gen0_Deck4,Gen0_Deck21,1,0,32.63438296318054,3458968,Gen0_Match107_1752894367.txt,,2025-07-19T03:27:52.840621
0,Gen0_Match108_1752894367,Gen0_Deck4,Gen0_Deck22,Gen0_Deck4,1,0,27.206241607666016,3458970,Gen0_Match108_1752894367.txt,,2025-07-19T03:27:53.951599
0,Gen0_Match109_1752894367,Gen0_Deck23,Gen0_Deck4,Gen0_Deck4,0,1,24.36328411102295,3458969,Gen0_Match109_1752894367.txt,,2025-07-19T03:28:10.905831
0,Gen0_Match110_1752894367,Gen0_Deck24,Gen0_Deck4,Gen0_Deck4,0,1,31.757967472076416,3458968,Gen0_Match110_1752894367.txt,,2025-07-19T03:28:24.599095
0,Gen0_Match112_1752894367,Gen0_Deck7,Gen0_Deck5,Gen0_Deck5,0,1,26.164138078689575,3458969,Gen0_Match112_1752894367.txt,,2025-07-19T03:28:37.070405
0,Gen0_Match111_1752894367,Gen0_Deck5,Gen0_Deck6,Gen0_Deck6,0,1,50.124533891677856,3458970,Gen0_Match111_1752894367.txt,,2025-07-19T03:28:44.076674
0,Gen0_Match113_1752894367,Gen0_Deck5,Gen0_Deck8,Gen0_Deck5,1,0,29.695675134658813,3458968,Gen0_Match113_1752894367.txt,,2025-07-19T03:28:54.295302
0,Gen0_Match115_1752894367,Gen0_Deck10,Gen0_Deck5,Gen0_Deck10,1,0,25.43358016014099,3458970,Gen0_Match115_1752894367.txt,,2025-07-19T03:29:09.510755
0,Gen0_Match114_1752894367,Gen0_Deck5,Gen0_Deck9,Gen0_Deck9,0,1,33.87728309631348,3458969,Gen0_Match114_1752894367.txt,,2025-07-19T03:29:10.948188
0,Gen0_Match116_1752894367,Gen0_Deck11,Gen0_Deck5,Gen0_Deck11,1,0,34.73318648338318,3458968,Gen0_Match116_1752894367.txt,,2025-07-19T03:29:29.028979
0,Gen0_Match117_1752894367,Gen0_Deck5,Gen0_Deck12,Gen0_Deck12,0,1,30.477230548858643,3458970,Gen0_Match117_1752894367.txt,,2025-07-19T03:29:39.988544
0,Gen0_Match119_1752894367,Gen0_Deck14,Gen0_Deck5,Gen0_Deck14,1,0,25.325928688049316,3458968,Gen0_Match119_1752894367.txt,,2025-07-19T03:29:54.355350
0,Gen0_Match120_1752894367,Gen0_Deck5,Gen0_Deck15,Gen0_Deck5,1,0,21.475415229797363,3458970,Gen0_Match120_1752894367.txt,,2025-07-19T03:30:01.464380
0,Gen0_Match118_1752894367,Gen0_Deck13,Gen0_Deck5,Gen0_Deck5,0,1,51.18903112411499,3458969,Gen0_Match118_1752894367.txt,,2025-07-19T03:30:02.137819
0,Gen0_Match121_1752894367,Gen0_Deck5,Gen0_Deck16,Gen0_Deck5,1,0,28.420480966567993,3458968,Gen0_Match121_1752894367.txt,,2025-07-19T03:30:22.776260
0,Gen0_Match122_1752894367,Gen0_Deck17,Gen0_Deck5,Gen0_Deck5,0,1,32.20607399940491,3458970,Gen0_Match122_1752894367.txt,,2025-07-19T03:30:33.671126
0,Gen0_Match123_1752894367,Gen0_Deck5,Gen0_Deck18,Gen0_Deck18,0,1,34.35043168067932,3458969,Gen0_Match123_1752894367.txt,,2025-07-19T03:30:36.488715
0,Gen0_Match124_1752894367,Gen0_Deck5,Gen0_Deck19,Gen0_Deck5,1,0,22.905767679214478,3458968,Gen0_Match124_1752894367.txt,,2025-07-19T03:30:45.682455
0,Gen0_Match125_1752894367,Gen0_Deck20,Gen0_Deck5,Gen0_Deck5,0,1,31.060704231262207,3458970,Gen0_Match125_1752894367.txt,,2025-07-19T03:31:04.732382
0,Gen0_Match126_1752894367,Gen0_Deck21,Gen0_Deck5,Gen0_Deck5,0,1,28.682299375534058,3458969,Gen0_Match126_1752894367.txt,,2025-07-19T03:31:05.171428
0,Gen0_Match127_1752894367,Gen0_Deck5,Gen0_Deck22,Gen0_Deck5,1,0,42.34264254570007,3458968,Gen0_Match127_1752894367.txt,,2025-07-19T03:31:28.025644
0,Gen0_Match129_1752894367,Gen0_Deck24,Gen0_Deck5,Gen0_Deck5,0,1,34.34873914718628,3458969,Gen0_Match129_1752894367.txt,,2025-07-19T03:31:39.520693
0,Gen0_Match128_1752894367,Gen0_Deck5,Gen0_Deck23,Gen0_Deck5,1,0,37.554524183273315,3458970,Gen0_Match128_1752894367.txt,,2025-07-19T03:31:42.287512
0,Gen0_Match130_1752894367,Gen0_Deck6,Gen0_Deck7,Gen0_Deck7,0,1,31.446261167526245,3458968,Gen0_Match130_1752894367.txt,,2025-07-19T03:31:59.472380
0,Gen0_Match131_1752894367,Gen0_Deck8,Gen0_Deck6,Gen0_Deck8,1,0,42.87427091598511,3458969,Gen0_Match131_1752894367.txt,,2025-07-19T03:32:22.395467
0,Gen0_Match132_1752894367,Gen0_Deck9,Gen0_Deck6,Gen0_Deck9,1,0,48.52460503578186,3458970,Gen0_Match132_1752894367.txt,,2025-07-19T03:32:30.812653
0,Gen0_Match133_1752894367,Gen0_Deck6,Gen0_Deck10,Gen0_Deck6,1,0,49.1263632774353,3458968,Gen0_Match133_1752894367.txt,,2025-07-19T03:32:48.599342
0,Gen0_Match134_1752894367,Gen0_Deck6,Gen0_Deck11,Gen0_Deck6,1,0,36.54061818122864,3458969,Gen0_Match134_1752894367.txt,,2025-07-19T03:32:58.936677
0,Gen0_Match135_1752894367,Gen0_Deck12,Gen0_Deck6,Gen0_Deck12,1,0,29.915616750717163,3458970,Gen0_Match135_1752894367.txt,,2025-07-19T03:33:00.728771
0,Gen0_Match136_1752894367,Gen0_Deck13,Gen0_Deck6,Gen0_Deck13,1,0,25.65835666656494,3458968,Gen0_Match136_1752894367.txt,,2025-07-19T03:33:14.258169
0,Gen0_Match139_1752894367,Gen0_Deck16,Gen0_Deck6,Gen0_Deck6,0,1,21.49852228164673,3458968,Gen0_Match139_1752894367.txt,,2025-07-19T03:33:35.757255
0,Gen0_Match138_1752894367,Gen0_Deck15,Gen0_Deck6,Gen0_Deck6,0,1,36.72831892967224,3458970,Gen0_Match138_1752894367.txt,,2025-07-19T03:33:37.457604
0,Gen0_Match137_1752894367,Gen0_Deck6,Gen0_Deck14,Gen0_Deck14,0,1,48.27637529373169,3458969,Gen0_Match137_1752894367.txt,,2025-07-19T03:33:47.213645
0,Gen0_Match141_1752894367,Gen0_Deck6,Gen0_Deck18,Gen0_Deck6,1,0,26.92214608192444,3458970,Gen0_Match141_1752894367.txt,,2025-07-19T03:34:04.380203
0,Gen0_Match140_1752894367,Gen0_Deck6,Gen0_Deck17,Gen0_Deck6,1,0,39.26342439651489,3458968,Gen0_Match140_1752894367.txt,,2025-07-19T03:34:15.021144
0,Gen0_Match143_1752894367,Gen0_Deck20,Gen0_Deck6,Gen0_Deck20,1,0,26.352044820785522,3458970,Gen0_Match143_1752894367.txt,,2025-07-19T03:34:30.732754
0,Gen0_Match144_1752894367,Gen0_Deck6,Gen0_Deck21,Gen0_Deck6,1,0,25.176531553268433,3458968,Gen0_Match144_1752894367.txt,,2025-07-19T03:34:40.198350
0,Gen0_Match142_1752894367,Gen0_Deck19,Gen0_Deck6,Gen0_Deck6,0,1,58.63848376274109,3458969,Gen0_Match142_1752894367.txt,,2025-07-19T03:34:45.852626
0,Gen0_Match145_1752894367,Gen0_Deck22,Gen0_Deck6,Gen0_Deck22,1,0,33.82369899749756,3458970,Gen0_Match145_1752894367.txt,,2025-07-19T03:35:04.557057
0,Gen0_Match146_1752894367,Gen0_Deck23,Gen0_Deck6,Gen0_Deck23,1,0,25.841962337493896,3458968,Gen0_Match146_1752894367.txt,,2025-07-19T03:35:06.040916
0,Gen0_Match147_1752894367,Gen0_Deck6,Gen0_Deck24,Gen0_Deck24,0,1,42.55545496940613,3458969,Gen0_Match147_1752894367.txt,,2025-07-19T03:35:28.408599
0,Gen0_Match148_1752894367,Gen0_Deck7,Gen0_Deck8,Gen0_Deck7,1,0,29.34737539291382,3458970,Gen0_Match148_1752894367.txt,,2025-07-19T03:35:33.904892
0,Gen0_Match149_1752894367,Gen0_Deck7,Gen0_Deck9,Gen0_Deck9,0,1,29.69007635116577,3458968,Gen0_Match149_1752894367.txt,,2025-07-19T03:35:35.731437
0,Gen0_Match151_1752894367,Gen0_Deck11,Gen0_Deck7,Gen0_Deck11,1,0,27.035051822662354,3458970,Gen0_Match151_1752894367.txt,,2025-07-19T03:36:00.940378
0,Gen0_Match152_1752894367,Gen0_Deck7,Gen0_Deck12,Gen0_Deck12,0,1,27.393932819366455,3458968,Gen0_Match152_1752894367.txt,,2025-07-19T03:36:03.125830
0,Gen0_Match150_1752894367,Gen0_Deck10,Gen0_Deck7,Gen0_Deck10,1,0,44.55776929855347,3458969,Gen0_Match150_1752894367.txt,,2025-07-19T03:36:12.966916
0,Gen0_Match153_1752894367,Gen0_Deck13,Gen0_Deck7,Gen0_Deck7,0,1,35.20990872383118,3458970,Gen0_Match153_1752894367.txt,,2025-07-19T03:36:36.150714
0,Gen0_Match155_1752894367,Gen0_Deck7,Gen0_Deck15,Gen0_Deck7,1,0,34.90754675865173,3458969,Gen0_Match155_1752894367.txt,,2025-07-19T03:36:47.874929
0,Gen0_Match156_1752894367,Gen0_Deck7,Gen0_Deck16,Gen0_Deck16,0,1,28.720377683639526,3458970,Gen0_Match156_1752894367.txt,,2025-07-19T03:37:04.871554
0,Gen0_Match157_1752894367,Gen0_Deck17,Gen0_Deck7,Gen0_Deck17,1,0,24.245646953582764,3458969,Gen0_Match157_1752894367.txt,,2025-07-19T03:37:12.121001
0,Gen0_Match154_1752894367,Gen0_Deck14,Gen0_Deck7,Gen0_Deck7,0,1,78.7594952583313,3458968,Gen0_Match154_1752894367.txt,,2025-07-19T03:37:21.885858
0,Gen0_Match158_1752894367,Gen0_Deck7,Gen0_Deck18,Gen0_Deck7,1,0,31.995714902877808,3458970,Gen0_Match158_1752894367.txt,,2025-07-19T03:37:36.867707
0,Gen0_Match159_1752894367,Gen0_Deck7,Gen0_Deck19,Gen0_Deck19,0,1,30.603142976760864,3458969,Gen0_Match159_1752894367.txt,,2025-07-19T03:37:42.724565
0,Gen0_Match160_1752894367,Gen0_Deck20,Gen0_Deck7,Gen0_Deck7,0,1,30.76360058784485,3458968,Gen0_Match160_1752894367.txt,,2025-07-19T03:37:52.649914
0,Gen0_Match162_1752894367,Gen0_Deck7,Gen0_Deck22,Gen0_Deck7,1,0,25.64718770980835,3458969,Gen0_Match162_1752894367.txt,,2025-07-19T03:38:08.372150
0,Gen0_Match161_1752894367,Gen0_Deck21,Gen0_Deck7,Gen0_Deck21,1,0,35.192612171173096,3458970,Gen0_Match161_1752894367.txt,,2025-07-19T03:38:12.060734
0,Gen0_Match163_1752894367,Gen0_Deck7,Gen0_Deck23,Gen0_Deck7,1,0,25.659788608551025,3458968,Gen0_Match163_1752894367.txt,,2025-07-19T03:38:18.310122
0,Gen0_Match164_1752894367,Gen0_Deck24,Gen0_Deck7,Gen0_Deck24,1,0,26.451502084732056,3458969,Gen0_Match164_1752894367.txt,,2025-07-19T03:38:34.824064
0,Gen0_Match165_1752894367,Gen0_Deck9,Gen0_Deck8,Gen0_Deck9,1,0,32.9074330329895,3458970,Gen0_Match165_1752894367.txt,,2025-07-19T03:38:44.968639
0,Gen0_Match167_1752894367,Gen0_Deck8,Gen0_Deck11,Gen0_Deck11,0,1,29.067704677581787,3458969,Gen0_Match167_1752894367.txt,,2025-07-19T03:39:03.892251
0,Gen0_Match168_1752894367,Gen0_Deck12,Gen0_Deck8,Gen0_Deck8,0,1,31.888381958007812,3458970,Gen0_Match168_1752894367.txt,,2025-07-19T03:39:16.857513
0,Gen0_Match166_1752894367,Gen0_Deck8,Gen0_Deck10,Gen0_Deck10,0,1,67.39814949035645,3458968,Gen0_Match166_1752894367.txt,,2025-07-19T03:39:25.708781
0,Gen0_Match169_1752894367,Gen0_Deck8,Gen0_Deck13,Gen0_Deck8,1,0,27.367541551589966,3458969,Gen0_Match169_1752894367.txt,,2025-07-19T03:39:31.260221
0,Gen0_Match170_1752894367,Gen0_Deck8,Gen0_Deck14,Gen0_Deck8,1,0,31.508895874023438,3458970,Gen0_Match170_1752894367.txt,,2025-07-19T03:39:48.366861
0,Gen0_Match171_1752894367,Gen0_Deck15,Gen0_Deck8,Gen0_Deck15,1,0,29.81519842147827,3458968,Gen0_Match171_1752894367.txt,,2025-07-19T03:39:55.524431
0,Gen0_Match172_1752894367,Gen0_Deck16,Gen0_Deck8,Gen0_Deck8,0,1,35.632895708084106,3458969,Gen0_Match172_1752894367.txt,,2025-07-19T03:40:06.893548
0,Gen0_Match174_1752894367,Gen0_Deck8,Gen0_Deck18,Gen0_Deck18,0,1,27.70157551765442,3458968,Gen0_Match174_1752894367.txt,,2025-07-19T03:40:23.226478
0,Gen0_Match173_1752894367,Gen0_Deck8,Gen0_Deck17,Gen0_Deck8,1,0,37.5430645942688,3458970,Gen0_Match173_1752894367.txt,,2025-07-19T03:40:25.910378
0,Gen0_Match175_1752894367,Gen0_Deck19,Gen0_Deck8,Gen0_Deck19,1,0,29.622178554534912,3458969,Gen0_Match175_1752894367.txt,,2025-07-19T03:40:36.516164
0,Gen0_Match176_1752894367,Gen0_Deck8,Gen0_Deck20,Gen0_Deck8,1,0,25.739174604415894,3458968,Gen0_Match176_1752894367.txt,,2025-07-19T03:40:48.966088
0,Gen0_Match177_1752894367,Gen0_Deck8,Gen0_Deck21,Gen0_Deck8,1,0,30.843694925308228,3458970,Gen0_Match177_1752894367.txt,,2025-07-19T03:40:56.754501
0,Gen0_Match178_1752894367,Gen0_Deck22,Gen0_Deck8,Gen0_Deck8,0,1,29.58371138572693,3458969,Gen0_Match178_1752894367.txt,,2025-07-19T03:41:06.100278
0,Gen0_Match179_1752894367,Gen0_Deck23,Gen0_Deck8,Gen0_Deck23,1,0,32.10585618019104,3458968,Gen0_Match179_1752894367.txt,,2025-07-19T03:41:21.072452
0,Gen0_Match180_1752894367,Gen0_Deck8,Gen0_Deck24,Gen0_Deck24,0,1,27.653286933898926,3458970,Gen0_Match180_1752894367.txt,,2025-07-19T03:41:24.408219
0,Gen0_Match181_1752894367,Gen0_Deck10,Gen0_Deck9,Gen0_Deck9,0,1,26.987326860427856,3458969,Gen0_Match181_1752894367.txt,,2025-07-19T03:41:33.088027
0,Gen0_Match182_1752894367,Gen0_Deck9,Gen0_Deck11,Gen0_Deck9,1,0,28.713555097579956,3458968,Gen0_Match182_1752894367.txt,,2025-07-19T03:41:49.786463
0,Gen0_Match183_1752894367,Gen0_Deck9,Gen0_Deck12,Gen0_Deck9,1,0,25.547337770462036,3458970,Gen0_Match183_1752894367.txt,,2025-07-19T03:41:49.955980
0,Gen0_Match184_1752894367,Gen0_Deck13,Gen0_Deck9,Gen0_Deck9,0,1,35.13532066345215,3458969,Gen0_Match184_1752894367.txt,,2025-07-19T03:42:08.223784
0,Gen0_Match186_1752894367,Gen0_Deck9,Gen0_Deck15,Gen0_Deck9,1,0,23.988158702850342,3458970,Gen0_Match186_1752894367.txt,,2025-07-19T03:42:13.944577
0,Gen0_Match185_1752894367,Gen0_Deck14,Gen0_Deck9,Gen0_Deck9,0,1,41.49140477180481,3458968,Gen0_Match185_1752894367.txt,,2025-07-19T03:42:31.278323
0,Gen0_Match187_1752894367,Gen0_Deck9,Gen0_Deck16,Gen0_Deck9,1,0,23.098451137542725,3458969,Gen0_Match187_1752894367.txt,,2025-07-19T03:42:31.322661
0,Gen0_Match188_1752894367,Gen0_Deck17,Gen0_Deck9,Gen0_Deck9,0,1,28.922409534454346,3458970,Gen0_Match188_1752894367.txt,,2025-07-19T03:42:42.867412
0,Gen0_Match190_1752894367,Gen0_Deck9,Gen0_Deck19,Gen0_Deck9,1,0,31.01722264289856,3458969,Gen0_Match190_1752894367.txt,,2025-07-19T03:43:02.340356
0,Gen0_Match189_1752894367,Gen0_Deck9,Gen0_Deck18,Gen0_Deck9,1,0,36.744792222976685,3458968,Gen0_Match189_1752894367.txt,,2025-07-19T03:43:08.023559
0,Gen0_Match191_1752894367,Gen0_Deck20,Gen0_Deck9,Gen0_Deck9,0,1,26.912481784820557,3458970,Gen0_Match191_1752894367.txt,,2025-07-19T03:43:09.780316
0,Gen0_Match192_1752894367,Gen0_Deck21,Gen0_Deck9,Gen0_Deck9,0,1,27.06967854499817,3458969,Gen0_Match192_1752894367.txt,,2025-07-19T03:43:29.410479
0,Gen0_Match193_1752894367,Gen0_Deck9,Gen0_Deck22,Gen0_Deck9,1,0,31.097769498825073,3458968,Gen0_Match193_1752894367.txt,,2025-07-19T03:43:39.121744
0,Gen0_Match194_1752894367,Gen0_Deck23,Gen0_Deck9,Gen0_Deck23,1,0,38.34095335006714,3458970,Gen0_Match194_1752894367.txt,,2025-07-19T03:43:48.121697
0,Gen0_Match195_1752894367,Gen0_Deck24,Gen0_Deck9,Gen0_Deck24,1,0,31.613386631011963,3458969,Gen0_Match195_1752894367.txt,,2025-07-19T03:44:01.024296
0,Gen0_Match196_1752894367,Gen0_Deck10,Gen0_Deck11,Gen0_Deck10,1,0,30.514153480529785,3458968,Gen0_Match196_1752894367.txt,,2025-07-19T03:44:09.636371
0,Gen0_Match197_1752894367,Gen0_Deck10,Gen0_Deck12,Gen0_Deck10,1,0,33.67468333244324,3458970,Gen0_Match197_1752894367.txt,,2025-07-19T03:44:21.796866
0,Gen0_Match198_1752894367,Gen0_Deck13,Gen0_Deck10,Gen0_Deck10,0,1,33.85567617416382,3458969,Gen0_Match198_1752894367.txt,,2025-07-19T03:44:34.880469
0,Gen0_Match199_1752894367,Gen0_Deck14,Gen0_Deck10,Gen0_Deck10,0,1,39.52860879898071,3458968,Gen0_Match199_1752894367.txt,,2025-07-19T03:44:49.165503
0,Gen0_Match200_1752894367,Gen0_Deck10,Gen0_Deck15,Gen0_Deck10,1,0,30.271799564361572,3458970,Gen0_Match200_1752894367.txt,,2025-07-19T03:44:52.069091
0,Gen0_Match201_1752894367,Gen0_Deck10,Gen0_Deck16,Gen0_Deck16,0,1,28.819352388381958,3458969,Gen0_Match201_1752894367.txt,,2025-07-19T03:45:03.700278
0,Gen0_Match202_1752894367,Gen0_Deck17,Gen0_Deck10,Gen0_Deck10,0,1,29.38257384300232,3458968,Gen0_Match202_1752894367.txt,,2025-07-19T03:45:18.548536
0,Gen0_Match204_1752894367,Gen0_Deck10,Gen0_Deck19,Gen0_Deck10,1,0,25.251330375671387,3458969,Gen0_Match204_1752894367.txt,,2025-07-19T03:45:28.952049
0,Gen0_Match205_1752894367,Gen0_Deck20,Gen0_Deck10,Gen0_Deck10,0,1,23.98734140396118,3458968,Gen0_Match205_1752894367.txt,,2025-07-19T03:45:42.536274
0,Gen0_Match203_1752894367,Gen0_Deck10,Gen0_Deck18,Gen0_Deck10,1,0,51.89454221725464,3458970,Gen0_Match203_1752894367.txt,,2025-07-19T03:45:43.964105
0,Gen0_Match206_1752894367,Gen0_Deck21,Gen0_Deck10,Gen0_Deck10,0,1,25.011017084121704,3458969,Gen0_Match206_1752894367.txt,,2025-07-19T03:45:53.963526
0,Gen0_Match208_1752894367,Gen0_Deck23,Gen0_Deck10,Gen0_Deck23,1,0,27.227288961410522,3458970,Gen0_Match208_1752894367.txt,,2025-07-19T03:46:11.191825
0,Gen0_Match209_1752894367,Gen0_Deck24,Gen0_Deck10,Gen0_Deck10,0,1,29.112343788146973,3458969,Gen0_Match209_1752894367.txt,,2025-07-19T03:46:23.076297
0,Gen0_Match207_1752894367,Gen0_Deck10,Gen0_Deck22,Gen0_Deck10,1,0,49.93967890739441,3458968,Gen0_Match207_1752894367.txt,,2025-07-19T03:46:32.476446
0,Gen0_Match211_1752894367,Gen0_Deck13,Gen0_Deck11,Gen0_Deck13,1,0,27.256447792053223,3458969,Gen0_Match211_1752894367.txt,,2025-07-19T03:46:50.333271
0,Gen0_Match212_1752894367,Gen0_Deck14,Gen0_Deck11,Gen0_Deck14,1,0,43.00961446762085,3458968,Gen0_Match212_1752894367.txt,,2025-07-19T03:47:15.486510
0,Gen0_Match213_1752894367,Gen0_Deck11,Gen0_Deck15,Gen0_Deck11,1,0,25.442643880844116,3458969,Gen0_Match213_1752894367.txt,,2025-07-19T03:47:15.776332
0,Gen0_Match210_1752894367,Gen0_Deck11,Gen0_Deck12,Gen0_Deck11,1,0,69.60712313652039,3458970,Gen0_Match210_1752894367.txt,,2025-07-19T03:47:20.799445
0,Gen0_Match214_1752894367,Gen0_Deck11,Gen0_Deck16,Gen0_Deck11,1,0,25.585366010665894,3458968,Gen0_Match214_1752894367.txt,,2025-07-19T03:47:41.072297
0,Gen0_Match216_1752894367,Gen0_Deck11,Gen0_Deck18,Gen0_Deck18,0,1,28.440472841262817,3458970,Gen0_Match216_1752894367.txt,,2025-07-19T03:47:49.240347
0,Gen0_Match215_1752894367,Gen0_Deck17,Gen0_Deck11,Gen0_Deck17,1,0,38.96757483482361,3458969,Gen0_Match215_1752894367.txt,,2025-07-19T03:47:54.744404
0,Gen0_Match218_1752894367,Gen0_Deck20,Gen0_Deck11,Gen0_Deck20,1,0,26.98357582092285,3458970,Gen0_Match218_1752894367.txt,,2025-07-19T03:48:16.224371
0,Gen0_Match217_1752894367,Gen0_Deck11,Gen0_Deck19,Gen0_Deck11,1,0,36.967530727386475,3458968,Gen0_Match217_1752894367.txt,,2025-07-19T03:48:18.040260
0,Gen0_Match219_1752894367,Gen0_Deck21,Gen0_Deck11,Gen0_Deck21,1,0,24.961397886276245,3458969,Gen0_Match219_1752894367.txt,,2025-07-19T03:48:19.706257
0,Gen0_Match220_1752894367,Gen0_Deck11,Gen0_Deck22,Gen0_Deck11,1,0,28.975568056106567,3458970,Gen0_Match220_1752894367.txt,,2025-07-19T03:48:45.200369
0,Gen0_Match222_1752894367,Gen0_Deck24,Gen0_Deck11,Gen0_Deck11,0,1,34.194621562957764,3458969,Gen0_Match222_1752894367.txt,,2025-07-19T03:48:53.901400
0,Gen0_Match224_1752894367,Gen0_Deck14,Gen0_Deck12,Gen0_Deck12,0,1,25.837472200393677,3458969,Gen0_Match224_1752894367.txt,,2025-07-19T03:49:19.739308
0,Gen0_Match221_1752894367,Gen0_Deck11,Gen0_Deck23,Gen0_Deck11,1,0,64.05001068115234,3458968,Gen0_Match221_1752894367.txt,,2025-07-19T03:49:22.090976
0,Gen0_Match223_1752894367,Gen0_Deck13,Gen0_Deck12,Gen0_Deck12,0,1,54.945850133895874,3458970,Gen0_Match223_1752894367.txt,,2025-07-19T03:49:40.146707
0,Gen0_Match225_1752894367,Gen0_Deck12,Gen0_Deck15,Gen0_Deck12,1,0,26.235579252243042,3458969,Gen0_Match225_1752894367.txt,,2025-07-19T03:49:45.975288
0,Gen0_Match226_1752894367,Gen0_Deck12,Gen0_Deck16,Gen0_Deck12,1,0,36.70957279205322,3458968,Gen0_Match226_1752894367.txt,,2025-07-19T03:49:58.801032
0,Gen0_Match227_1752894367,Gen0_Deck17,Gen0_Deck12,Gen0_Deck12,0,1,34.197171449661255,3458970,Gen0_Match227_1752894367.txt,,2025-07-19T03:50:14.344354
0,Gen0_Match229_1752894367,Gen0_Deck12,Gen0_Deck19,Gen0_Deck19,0,1,39.65732741355896,3458968,Gen0_Match229_1752894367.txt,,2025-07-19T03:50:38.458806
0,Gen0_Match230_1752894367,Gen0_Deck20,Gen0_Deck12,Gen0_Deck12,0,1,39.84891867637634,3458970,Gen0_Match230_1752894367.txt,,2025-07-19T03:50:54.193820
0,Gen0_Match231_1752894367,Gen0_Deck21,Gen0_Deck12,Gen0_Deck21,1,0,27.257006406784058,3458968,Gen0_Match231_1752894367.txt,,2025-07-19T03:51:05.716341
0,Gen0_Match232_1752894367,Gen0_Deck12,Gen0_Deck22,Gen0_Deck12,1,0,29.49425482749939,3458970,Gen0_Match232_1752894367.txt,,2025-07-19T03:51:23.688568
0,Gen0_Match233_1752894367,Gen0_Deck12,Gen0_Deck23,Gen0_Deck23,0,1,24.047611951828003,3458968,Gen0_Match233_1752894367.txt,,2025-07-19T03:51:29.764472
0,Gen0_Match228_1752894367,Gen0_Deck12,Gen0_Deck18,Gen0_Deck18,0,1,122.52869534492493,3458969,Gen0_Match228_1752894367.txt,,2025-07-19T03:51:48.504501
0,Gen0_Match234_1752894367,Gen0_Deck24,Gen0_Deck12,Gen0_Deck24,1,0,29.810279607772827,3458970,Gen0_Match234_1752894367.txt,,2025-07-19T03:51:53.499385
0,Gen0_Match235_1752894367,Gen0_Deck13,Gen0_Deck14,Gen0_Deck14,0,1,28.34076714515686,3458968,Gen0_Match235_1752894367.txt,,2025-07-19T03:51:58.105719
0,Gen0_Match237_1752894367,Gen0_Deck16,Gen0_Deck13,Gen0_Deck13,0,1,28.633259773254395,3458970,Gen0_Match237_1752894367.txt,,2025-07-19T03:52:22.133065
0,Gen0_Match238_1752894367,Gen0_Deck13,Gen0_Deck17,Gen0_Deck13,1,0,28.096532821655273,3458968,Gen0_Match238_1752894367.txt,,2025-07-19T03:52:26.202704
0,Gen0_Match236_1752894367,Gen0_Deck15,Gen0_Deck13,Gen0_Deck13,0,1,38.44732594490051,3458969,Gen0_Match236_1752894367.txt,,2025-07-19T03:52:26.952332
0,Gen0_Match241_1752894367,Gen0_Deck13,Gen0_Deck20,Gen0_Deck13,1,0,27.00374150276184,3458969,Gen0_Match241_1752894367.txt,,2025-07-19T03:52:53.956489
0,Gen0_Match239_1752894367,Gen0_Deck13,Gen0_Deck18,Gen0_Deck18,0,1,43.44009041786194,3458970,Gen0_Match239_1752894367.txt,,2025-07-19T03:53:05.573696
0,Gen0_Match242_1752894367,Gen0_Deck13,Gen0_Deck21,Gen0_Deck21,0,1,29.195131301879883,3458969,Gen0_Match242_1752894367.txt,,2025-07-19T03:53:23.152037
0,Gen0_Match243_1752894367,Gen0_Deck22,Gen0_Deck13,Gen0_Deck13,0,1,23.11822533607483,3458970,Gen0_Match243_1752894367.txt,,2025-07-19T03:53:28.692374
0,Gen0_Match240_1752894367,Gen0_Deck19,Gen0_Deck13,Gen0_Deck13,0,1,74.84541583061218,3458968,Gen0_Match240_1752894367.txt,,2025-07-19T03:53:41.048757
0,Gen0_Match244_1752894367,Gen0_Deck23,Gen0_Deck13,Gen0_Deck13,0,1,27.523853540420532,3458969,Gen0_Match244_1752894367.txt,,2025-07-19T03:53:50.676343
0,Gen0_Match245_1752894367,Gen0_Deck13,Gen0_Deck24,Gen0_Deck13,1,0,40.74354410171509,3458970,Gen0_Match245_1752894367.txt,,2025-07-19T03:54:09.436421
0,Gen0_Match247_1752894367,Gen0_Deck14,Gen0_Deck16,Gen0_Deck14,1,0,23.06350088119507,3458969,Gen0_Match247_1752894367.txt,,2025-07-19T03:54:13.740245
0,Gen0_Match246_1752894367,Gen0_Deck14,Gen0_Deck15,Gen0_Deck14,1,0,42.94312381744385,3458968,Gen0_Match246_1752894367.txt,,2025-07-19T03:54:23.992357
0,Gen0_Match248_1752894367,Gen0_Deck17,Gen0_Deck14,Gen0_Deck14,0,1,29.76742935180664,3458970,Gen0_Match248_1752894367.txt,,2025-07-19T03:54:39.204266
0,Gen0_Match249_1752894367,Gen0_Deck18,Gen0_Deck14,Gen0_Deck14,0,1,36.99960947036743,3458969,Gen0_Match249_1752894367.txt,,2025-07-19T03:54:50.740298
0,Gen0_Match250_1752894367,Gen0_Deck14,Gen0_Deck19,Gen0_Deck14,1,0,28.56988024711609,3458968,Gen0_Match250_1752894367.txt,,2025-07-19T03:54:52.562732
0,Gen0_Match251_1752894367,Gen0_Deck20,Gen0_Deck14,Gen0_Deck14,0,1,31.51781415939331,3458970,Gen0_Match251_1752894367.txt,,2025-07-19T03:55:10.722613
0,Gen0_Match252_1752894367,Gen0_Deck21,Gen0_Deck14,Gen0_Deck14,0,1,26.716161727905273,3458969,Gen0_Match252_1752894367.txt,,2025-07-19T03:55:17.456948
0,Gen0_Match253_1752894367,Gen0_Deck14,Gen0_Deck22,Gen0_Deck14,1,0,26.52901339530945,3458968,Gen0_Match253_1752894367.txt,,2025-07-19T03:55:19.092192
0,Gen0_Match255_1752894367,Gen0_Deck24,Gen0_Deck14,Gen0_Deck14,0,1,23.249264001846313,3458969,Gen0_Match255_1752894367.txt,,2025-07-19T03:55:40.706613
0,Gen0_Match256_1752894367,Gen0_Deck16,Gen0_Deck15,Gen0_Deck16,1,0,29.528948307037354,3458968,Gen0_Match256_1752894367.txt,,2025-07-19T03:55:48.621760
0,Gen0_Match258_1752894367,Gen0_Deck15,Gen0_Deck18,Gen0_Deck15,1,0,20.082846641540527,3458968,Gen0_Match258_1752894367.txt,,2025-07-19T03:56:08.705137
0,Gen0_Match259_1752894367,Gen0_Deck19,Gen0_Deck15,Gen0_Deck15,0,1,17.89873242378235,3458968,Gen0_Match259_1752894367.txt,,2025-07-19T03:56:26.604291
0,Gen0_Match254_1752894367,Gen0_Deck14,Gen0_Deck23,Gen0_Deck14,1,0,91.88521432876587,3458970,Gen0_Match254_1752894367.txt,,2025-07-19T03:56:42.608311
0,Gen0_Match260_1752894367,Gen0_Deck20,Gen0_Deck15,Gen0_Deck15,0,1,16.316615104675293,3458968,Gen0_Match260_1752894367.txt,,2025-07-19T03:56:42.921357
0,Gen0_Match261_1752894367,Gen0_Deck21,Gen0_Deck15,Gen0_Deck21,1,0,20.123493194580078,3458970,Gen0_Match261_1752894367.txt,,2025-07-19T03:57:02.732198
0,Gen0_Match262_1752894367,Gen0_Deck15,Gen0_Deck22,Gen0_Deck15,1,0,31.76254415512085,3458968,Gen0_Match262_1752894367.txt,,2025-07-19T03:57:14.684365
0,Gen0_Match263_1752894367,Gen0_Deck23,Gen0_Deck15,Gen0_Deck23,1,0,26.442314624786377,3458970,Gen0_Match263_1752894367.txt,,2025-07-19T03:57:29.174965
0,Gen0_Match264_1752894367,Gen0_Deck15,Gen0_Deck24,Gen0_Deck24,0,1,21.691418409347534,3458968,Gen0_Match264_1752894367.txt,,2025-07-19T03:57:36.376221
0,Gen0_Match257_1752894367,Gen0_Deck17,Gen0_Deck15,Gen0_Deck17,1,0,131.77560544013977,3458969,Gen0_Match257_1752894367.txt,,2025-07-19T03:57:52.482713
0,Gen0_Match265_1752894367,Gen0_Deck17,Gen0_Deck16,Gen0_Deck17,1,0,23.31454873085022,3458970,Gen0_Match265_1752894367.txt,,2025-07-19T03:57:52.489907
0,Gen0_Match266_1752894367,Gen0_Deck16,Gen0_Deck18,Gen0_Deck18,0,1,33.756725549697876,3458968,Gen0_Match266_1752894367.txt,,2025-07-19T03:58:10.133399
0,Gen0_Match268_1752894367,Gen0_Deck20,Gen0_Deck16,Gen0_Deck20,1,0,41.051597356796265,3458970,Gen0_Match268_1752894367.txt,,2025-07-19T03:58:33.542003
0,Gen0_Match269_1752894367,Gen0_Deck21,Gen0_Deck16,Gen0_Deck16,0,1,26.587780952453613,3458968,Gen0_Match269_1752894367.txt,,2025-07-19T03:58:36.721613
0,Gen0_Match267_1752894367,Gen0_Deck16,Gen0_Deck19,Gen0_Deck16,1,0,62.585376262664795,3458969,Gen0_Match267_1752894367.txt,,2025-07-19T03:58:55.068632
0,Gen0_Match271_1752894367,Gen0_Deck16,Gen0_Deck23,Gen0_Deck23,0,1,28.70528221130371,3458968,Gen0_Match271_1752894367.txt,,2025-07-19T03:59:05.427341
0,Gen0_Match270_1752894367,Gen0_Deck16,Gen0_Deck22,Gen0_Deck16,1,0,32.620771646499634,3458970,Gen0_Match270_1752894367.txt,,2025-07-19T03:59:06.163286
0,Gen0_Match272_1752894367,Gen0_Deck24,Gen0_Deck16,Gen0_Deck24,1,0,24.216317892074585,3458969,Gen0_Match272_1752894367.txt,,2025-07-19T03:59:19.285347
0,Gen0_Match275_1752894367,Gen0_Deck20,Gen0_Deck17,Gen0_Deck17,0,1,27.032190084457397,3458969,Gen0_Match275_1752894367.txt,,2025-07-19T03:59:46.317952
0,Gen0_Match273_1752894367,Gen0_Deck17,Gen0_Deck18,Gen0_Deck17,1,0,49.83009576797485,3458968,Gen0_Match273_1752894367.txt,,2025-07-19T03:59:55.257876
0,Gen0_Match274_1752894367,Gen0_Deck17,Gen0_Deck19,Gen0_Deck17,1,0,49.49827694892883,3458970,Gen0_Match274_1752894367.txt,,2025-07-19T03:59:55.661980
0,Gen0_Match278_1752894367,Gen0_Deck17,Gen0_Deck23,Gen0_Deck23,0,1,25.185862064361572,3458970,Gen0_Match278_1752894367.txt,,2025-07-19T04:00:20.848467
0,Gen0_Match276_1752894367,Gen0_Deck21,Gen0_Deck17,Gen0_Deck17,0,1,34.54167723655701,3458969,Gen0_Match276_1752894367.txt,,2025-07-19T04:00:20.860183
0,Gen0_Match277_1752894367,Gen0_Deck17,Gen0_Deck22,Gen0_Deck22,0,1,41.384960889816284,3458968,Gen0_Match277_1752894367.txt,,2025-07-19T04:00:36.643306
0,Gen0_Match279_1752894367,Gen0_Deck24,Gen0_Deck17,Gen0_Deck17,0,1,28.230535745620728,3458970,Gen0_Match279_1752894367.txt,,2025-07-19T04:00:49.079580
0,Gen0_Match281_1752894367,Gen0_Deck18,Gen0_Deck20,Gen0_Deck18,1,0,39.47276973724365,3458968,Gen0_Match281_1752894367.txt,,2025-07-19T04:01:16.116565
0,Gen0_Match282_1752894367,Gen0_Deck21,Gen0_Deck18,Gen0_Deck21,1,0,28.068217992782593,3458970,Gen0_Match282_1752894367.txt,,2025-07-19T04:01:17.148252
0,Gen0_Match280_1752894367,Gen0_Deck18,Gen0_Deck19,Gen0_Deck18,1,0,56.68052291870117,3458969,Gen0_Match280_1752894367.txt,,2025-07-19T04:01:17.541206
0,Gen0_Match284_1752894367,Gen0_Deck18,Gen0_Deck23,Gen0_Deck18,1,0,46.41681957244873,3458970,Gen0_Match284_1752894367.txt,,2025-07-19T04:02:03.565668
0,Gen0_Match285_1752894367,Gen0_Deck18,Gen0_Deck24,Gen0_Deck18,1,0,77.98827338218689,3458969,Gen0_Match285_1752894367.txt,,2025-07-19T04:02:35.530055
0,Gen0_Match283_1752894367,Gen0_Deck22,Gen0_Deck18,Gen0_Deck18,0,1,81.97150158882141,3458968,Gen0_Match283_1752894367.txt,,2025-07-19T04:02:38.088601
0,Gen0_Match286_1752894367,Gen0_Deck20,Gen0_Deck19,Gen0_Deck20,1,0,46.53516483306885,3458970,Gen0_Match286_1752894367.txt,,2025-07-19T04:02:50.101320
0,Gen0_Match288_1752894367,Gen0_Deck19,Gen0_Deck22,Gen0_Deck19,1,0,27.830308198928833,3458968,Gen0_Match288_1752894367.txt,,2025-07-19T04:03:05.919370
0,Gen0_Match287_1752894367,Gen0_Deck21,Gen0_Deck19,Gen0_Deck19,0,1,34.04242134094238,3458969,Gen0_Match287_1752894367.txt,,2025-07-19T04:03:09.573039
0,Gen0_Match289_1752894367,Gen0_Deck19,Gen0_Deck23,Gen0_Deck19,1,0,26.526548862457275,3458970,Gen0_Match289_1752894367.txt,,2025-07-19T04:03:16.628322
0,Gen0_Match292_1752894367,Gen0_Deck22,Gen0_Deck20,Gen0_Deck20,0,1,23.859519720077515,3458970,Gen0_Match292_1752894367.txt,,2025-07-19T04:03:40.488377
0,Gen0_Match291_1752894367,Gen0_Deck20,Gen0_Deck21,Gen0_Deck21,0,1,33.75975799560547,3458969,Gen0_Match291_1752894367.txt,,2025-07-19T04:03:43.333232
0,Gen0_Match290_1752894367,Gen0_Deck24,Gen0_Deck19,Gen0_Deck19,0,1,40.30460000038147,3458968,Gen0_Match290_1752894367.txt,,2025-07-19T04:03:46.224454
0,Gen0_Match293_1752894367,Gen0_Deck23,Gen0_Deck20,Gen0_Deck23,1,0,28.043580532073975,3458970,Gen0_Match293_1752894367.txt,,2025-07-19T04:04:08.532448
0,Gen0_Match294_1752894367,Gen0_Deck20,Gen0_Deck24,Gen0_Deck20,1,0,27.6186842918396,3458969,Gen0_Match294_1752894367.txt,,2025-07-19T04:04:10.952376
0,Gen0_Match295_1752894367,Gen0_Deck21,Gen0_Deck22,Gen0_Deck21,1,0,29.06362247467041,3458968,Gen0_Match295_1752894367.txt,,2025-07-19T04:04:15.288505
0,Gen0_Match296_1752894367,Gen0_Deck21,Gen0_Deck23,Gen0_Deck23,0,1,26.518538236618042,3458970,Gen0_Match296_1752894367.txt,,2025-07-19T04:04:35.051459
0,Gen0_Match298_1752894367,Gen0_Deck22,Gen0_Deck23,Gen0_Deck23,0,1,25.782366275787354,3458968,Gen0_Match298_1752894367.txt,,2025-07-19T04:04:41.071294
0,Gen0_Match297_1752894367,Gen0_Deck24,Gen0_Deck21,Gen0_Deck21,0,1,42.99839639663696,3458969,Gen0_Match297_1752894367.txt,,2025-07-19T04:04:53.951313
0,Gen0_Match299_1752894367,Gen0_Deck24,Gen0_Deck22,Gen0_Deck24,1,0,20.433279514312744,3458970,Gen0_Match299_1752894367.txt,,2025-07-19T04:04:55.485152
0,Gen0_Match300_1752894367,Gen0_Deck24,Gen0_Deck23,Gen0_Deck23,0,1,17.544782638549805,3458968,Gen0_Match300_1752894367.txt,,2025-07-19T04:04:58.616756
1,Gen1_Match3_1752897898,Gen1_Deck0,Gen1_Deck3,Gen1_Deck0,1,0,28.141066551208496,3586373,Gen1_Match3_1752897898.txt,,2025-07-19T04:05:26.811699
1,Gen1_Match2_1752897898,Gen1_Deck2,Gen1_Deck0,Gen1_Deck0,0,1,30.8641996383667,3586372,Gen1_Match2_1752897898.txt,,2025-07-19T04:05:29.532260
1,Gen1_Match1_1752897898,Gen1_Deck1,Gen1_Deck0,Gen1_Deck0,0,1,40.98456406593323,3586371,Gen1_Match1_1752897898.txt,,2025-07-19T04:05:39.652058
1,Gen1_Match5_1752897898,Gen1_Deck5,Gen1_Deck0,Gen1_Deck0,0,1,35.892906665802,3586372,Gen1_Match5_1752897898.txt,,2025-07-19T04:06:05.425970
1,Gen1_Match6_1752897898,Gen1_Deck0,Gen1_Deck6,Gen1_Deck0,1,0,30.79754662513733,3586371,Gen1_Match6_1752897898.txt,,2025-07-19T04:06:10.450228
1,Gen1_Match7_1752897898,Gen1_Deck0,Gen1_Deck7,Gen1_Deck0,1,0,24.83597731590271,3586372,Gen1_Match7_1752897898.txt,,2025-07-19T04:06:30.262413
1,Gen1_Match4_1752897898,Gen1_Deck4,Gen1_Deck0,Gen1_Deck4,1,0,63.554189682006836,3586373,Gen1_Match4_1752897898.txt,,2025-07-19T04:06:30.366661
1,Gen1_Match8_1752897898,Gen1_Deck8,Gen1_Deck0,Gen1_Deck0,0,1,20.30463743209839,3586371,Gen1_Match8_1752897898.txt,,2025-07-19T04:06:30.755292
1,Gen1_Match11_1752897898,Gen1_Deck11,Gen1_Deck0,Gen1_Deck0,0,1,26.330229997634888,3586371,Gen1_Match11_1752897898.txt,,2025-07-19T04:06:57.085951
1,Gen1_Match9_1752897898,Gen1_Deck9,Gen1_Deck0,Gen1_Deck0,0,1,32.655067920684814,3586372,Gen1_Match9_1752897898.txt,,2025-07-19T04:07:02.917921
1,Gen1_Match10_1752897898,Gen1_Deck0,Gen1_Deck10,Gen1_Deck0,1,0,41.01718735694885,3586373,Gen1_Match10_1752897898.txt,,2025-07-19T04:07:11.384386
1,Gen1_Match12_1752897898,Gen1_Deck12,Gen1_Deck0,Gen1_Deck0,0,1,20.741974115371704,3586371,Gen1_Match12_1752897898.txt,,2025-07-19T04:07:17.828430
1,Gen1_Match13_1752897898,Gen1_Deck0,Gen1_Deck13,Gen1_Deck0,1,0,30.458998203277588,3586372,Gen1_Match13_1752897898.txt,,2025-07-19T04:07:33.377334
1,Gen1_Match14_1752897898,Gen1_Deck0,Gen1_Deck14,Gen1_Deck0,1,0,28.792400121688843,3586373,Gen1_Match14_1752897898.txt,,2025-07-19T04:07:40.177313
1,Gen1_Match15_1752897898,Gen1_Deck15,Gen1_Deck0,Gen1_Deck0,0,1,43.944236516952515,3586371,Gen1_Match15_1752897898.txt,,2025-07-19T04:08:01.773112
1,Gen1_Match17_1752897898,Gen1_Deck0,Gen1_Deck17,Gen1_Deck0,1,0,33.26256990432739,3586373,Gen1_Match17_1752897898.txt,,2025-07-19T04:08:13.440359
1,Gen1_Match16_1752897898,Gen1_Deck16,Gen1_Deck0,Gen1_Deck16,1,0,40.35335564613342,3586372,Gen1_Match16_1752897898.txt,,2025-07-19T04:08:13.731160
1,Gen1_Match18_1752897898,Gen1_Deck18,Gen1_Deck0,Gen1_Deck0,0,1,28.21590781211853,3586371,Gen1_Match18_1752897898.txt,,2025-07-19T04:08:29.989499
1,Gen1_Match19_1752897898,Gen1_Deck19,Gen1_Deck0,Gen1_Deck0,0,1,27.722872734069824,3586373,Gen1_Match19_1752897898.txt,,2025-07-19T04:08:41.163677
1,Gen1_Match20_1752897898,Gen1_Deck0,Gen1_Deck20,Gen1_Deck0,1,0,28.22690749168396,3586372,Gen1_Match20_1752897898.txt,,2025-07-19T04:08:41.958473
1,Gen1_Match21_1752897898,Gen1_Deck0,Gen1_Deck21,Gen1_Deck0,1,0,27.596328735351562,3586371,Gen1_Match21_1752897898.txt,,2025-07-19T04:08:57.586266
1,Gen1_Match23_1752897898,Gen1_Deck23,Gen1_Deck0,Gen1_Deck0,0,1,23.839219331741333,3586372,Gen1_Match23_1752897898.txt,,2025-07-19T04:09:05.798105
1,Gen1_Match22_1752897898,Gen1_Deck22,Gen1_Deck0,Gen1_Deck0,0,1,26.464256763458252,3586373,Gen1_Match22_1752897898.txt,,2025-07-19T04:09:07.628357
1,Gen1_Match25_1752897898,Gen1_Deck1,Gen1_Deck2,Gen1_Deck1,1,0,32.00286316871643,3586372,Gen1_Match25_1752897898.txt,,2025-07-19T04:09:37.801405
1,Gen1_Match27_1752897898,Gen1_Deck1,Gen1_Deck4,Gen1_Deck1,1,0,31.9245707988739,3586372,Gen1_Match27_1752897898.txt,,2025-07-19T04:10:09.726434
1,Gen1_Match26_1752897898,Gen1_Deck1,Gen1_Deck3,Gen1_Deck1,1,0,82.45576524734497,3586373,Gen1_Match26_1752897898.txt,,2025-07-19T04:10:30.084589
1,Gen1_Match28_1752897898,Gen1_Deck5,Gen1_Deck1,Gen1_Deck1,0,1,27.6503689289093,3586372,Gen1_Match28_1752897898.txt,,2025-07-19T04:10:37.377270
1,Gen1_Match29_1752897898,Gen1_Deck1,Gen1_Deck6,Gen1_Deck1,1,0,22.09663224220276,3586373,Gen1_Match29_1752897898.txt,,2025-07-19T04:10:52.181678
1,Gen1_Match24_1752897898,Gen1_Deck0,Gen1_Deck24,Gen1_Deck0,1,0,134.10979986190796,3586371,Gen1_Match24_1752897898.txt,,2025-07-19T04:11:11.696716
1,Gen1_Match30_1752897898,Gen1_Deck1,Gen1_Deck7,Gen1_Deck1,1,0,41.874749422073364,3586372,Gen1_Match30_1752897898.txt,,2025-07-19T04:11:19.252513
1,Gen1_Match31_1752897898,Gen1_Deck8,Gen1_Deck1,Gen1_Deck1,0,1,33.99422097206116,3586373,Gen1_Match31_1752897898.txt,,2025-07-19T04:11:26.176332
1,Gen1_Match32_1752897898,Gen1_Deck1,Gen1_Deck9,Gen1_Deck1,1,0,24.695241689682007,3586371,Gen1_Match32_1752897898.txt,,2025-07-19T04:11:36.392426
1,Gen1_Match33_1752897898,Gen1_Deck1,Gen1_Deck10,Gen1_Deck1,1,0,28.74271321296692,3586372,Gen1_Match33_1752897898.txt,,2025-07-19T04:11:47.995654
1,Gen1_Match35_1752897898,Gen1_Deck12,Gen1_Deck1,Gen1_Deck1,0,1,29.150661945343018,3586371,Gen1_Match35_1752897898.txt,,2025-07-19T04:12:05.543529
1,Gen1_Match34_1752897898,Gen1_Deck1,Gen1_Deck11,Gen1_Deck1,1,0,40.72541809082031,3586373,Gen1_Match34_1752897898.txt,,2025-07-19T04:12:06.902234
1,Gen1_Match36_1752897898,Gen1_Deck1,Gen1_Deck13,Gen1_Deck1,1,0,26.16317081451416,3586372,Gen1_Match36_1752897898.txt,,2025-07-19T04:12:14.159242
1,Gen1_Match38_1752897898,Gen1_Deck15,Gen1_Deck1,Gen1_Deck1,0,1,24.778896808624268,3586373,Gen1_Match38_1752897898.txt,,2025-07-19T04:12:31.681550
1,Gen1_Match37_1752897898,Gen1_Deck14,Gen1_Deck1,Gen1_Deck1,0,1,28.825666666030884,3586371,Gen1_Match37_1752897898.txt,,2025-07-19T04:12:34.369597
1,Gen1_Match39_1752897898,Gen1_Deck16,Gen1_Deck1,Gen1_Deck1,0,1,36.08478569984436,3586372,Gen1_Match39_1752897898.txt,,2025-07-19T04:12:50.244462
1,Gen1_Match41_1752897898,Gen1_Deck18,Gen1_Deck1,Gen1_Deck1,0,1,31.346497774124146,3586371,Gen1_Match41_1752897898.txt,,2025-07-19T04:13:05.716509
1,Gen1_Match42_1752897898,Gen1_Deck19,Gen1_Deck1,Gen1_Deck1,0,1,35.44346332550049,3586372,Gen1_Match42_1752897898.txt,,2025-07-19T04:13:25.688366
1,Gen1_Match43_1752897898,Gen1_Deck20,Gen1_Deck1,Gen1_Deck1,0,1,24.833560705184937,3586371,Gen1_Match43_1752897898.txt,,2025-07-19T04:13:30.550471
1,Gen1_Match40_1752897898,Gen1_Deck1,Gen1_Deck17,Gen1_Deck1,1,0,64.15234184265137,3586373,Gen1_Match40_1752897898.txt,,2025-07-19T04:13:35.834370
1,Gen1_Match46_1752897898,Gen1_Deck23,Gen1_Deck1,Gen1_Deck1,0,1,33.092536211013794,3586373,Gen1_Match46_1752897898.txt,,2025-07-19T04:14:08.927347
1,Gen1_Match44_1752897898,Gen1_Deck1,Gen1_Deck21,Gen1_Deck1,1,0,49.46425437927246,3586372,Gen1_Match44_1752897898.txt,,2025-07-19T04:14:15.153066
1,Gen1_Match45_1752897898,Gen1_Deck22,Gen1_Deck1,Gen1_Deck1,0,1,46.8091402053833,3586371,Gen1_Match45_1752897898.txt,,2025-07-19T04:14:17.360042
1,Gen1_Match47_1752897898,Gen1_Deck1,Gen1_Deck24,Gen1_Deck1,1,0,33.81176543235779,3586373,Gen1_Match47_1752897898.txt,,2025-07-19T04:14:42.739539
1,Gen1_Match48_1752897898,Gen1_Deck2,Gen1_Deck3,Gen1_Deck2,1,0,32.59886860847473,3586372,Gen1_Match48_1752897898.txt,,2025-07-19T04:14:47.752371
1,Gen1_Match49_1752897898,Gen1_Deck2,Gen1_Deck4,Gen1_Deck2,1,0,49.612863540649414,3586371,Gen1_Match49_1752897898.txt,,2025-07-19T04:15:06.973493
1,Gen1_Match51_1752897898,Gen1_Deck2,Gen1_Deck6,Gen1_Deck6,0,1,27.975618362426758,3586372,Gen1_Match51_1752897898.txt,,2025-07-19T04:15:15.728486
1,Gen1_Match50_1752897898,Gen1_Deck5,Gen1_Deck2,Gen1_Deck2,0,1,45.25107145309448,3586373,Gen1_Match50_1752897898.txt,,2025-07-19T04:15:27.991187
1,Gen1_Match52_1752897898,Gen1_Deck2,Gen1_Deck7,Gen1_Deck7,0,1,24.501636028289795,3586371,Gen1_Match52_1752897898.txt,,2025-07-19T04:15:31.475577
1,Gen1_Match53_1752897898,Gen1_Deck8,Gen1_Deck2,Gen1_Deck2,0,1,20.37955355644226,3586372,Gen1_Match53_1752897898.txt,,2025-07-19T04:15:36.108537
1,Gen1_Match55_1752897898,Gen1_Deck2,Gen1_Deck10,Gen1_Deck2,1,0,24.200501203536987,3586371,Gen1_Match55_1752897898.txt,,2025-07-19T04:15:55.676539
1,Gen1_Match54_1752897898,Gen1_Deck9,Gen1_Deck2,Gen1_Deck9,1,0,32.455381631851196,3586373,Gen1_Match54_1752897898.txt,,2025-07-19T04:16:00.447110
1,Gen1_Match56_1752897898,Gen1_Deck2,Gen1_Deck11,Gen1_Deck11,0,1,36.99150347709656,3586372,Gen1_Match56_1752897898.txt,,2025-07-19T04:16:13.100610
1,Gen1_Match57_1752897898,Gen1_Deck12,Gen1_Deck2,Gen1_Deck2,0,1,24.075007438659668,3586371,Gen1_Match57_1752897898.txt,,2025-07-19T04:16:19.751954
1,Gen1_Match58_1752897898,Gen1_Deck2,Gen1_Deck13,Gen1_Deck2,1,0,29.552608728408813,3586373,Gen1_Match58_1752897898.txt,,2025-07-19T04:16:30.000208
1,Gen1_Match59_1752897898,Gen1_Deck2,Gen1_Deck14,Gen1_Deck2,1,0,30.481227159500122,3586372,Gen1_Match59_1752897898.txt,,2025-07-19T04:16:43.582482
1,Gen1_Match60_1752897898,Gen1_Deck15,Gen1_Deck2,Gen1_Deck2,0,1,33.043890953063965,3586371,Gen1_Match60_1752897898.txt,,2025-07-19T04:16:52.796338
1,Gen1_Match61_1752897898,Gen1_Deck16,Gen1_Deck2,Gen1_Deck16,1,0,31.8978488445282,3586373,Gen1_Match61_1752897898.txt,,2025-07-19T04:17:01.898525
1,Gen1_Match64_1752897898,Gen1_Deck19,Gen1_Deck2,Gen1_Deck2,0,1,24.577788591384888,3586373,Gen1_Match64_1752897898.txt,,2025-07-19T04:17:26.476811
1,Gen1_Match62_1752897898,Gen1_Deck2,Gen1_Deck17,Gen1_Deck17,0,1,47.2440402507782,3586372,Gen1_Match62_1752897898.txt,,2025-07-19T04:17:30.827029
1,Gen1_Match63_1752897898,Gen1_Deck2,Gen1_Deck18,Gen1_Deck2,1,0,43.677449226379395,3586371,Gen1_Match63_1752897898.txt,,2025-07-19T04:17:36.474351
1,Gen1_Match65_1752897898,Gen1_Deck2,Gen1_Deck20,Gen1_Deck2,1,0,28.380935192108154,3586373,Gen1_Match65_1752897898.txt,,2025-07-19T04:17:54.858189
1,Gen1_Match66_1752897898,Gen1_Deck2,Gen1_Deck21,Gen1_Deck2,1,0,43.8859384059906,3586372,Gen1_Match66_1752897898.txt,,2025-07-19T04:18:14.713554
1,Gen1_Match67_1752897898,Gen1_Deck2,Gen1_Deck22,Gen1_Deck2,1,0,41.189743518829346,3586371,Gen1_Match67_1752897898.txt,,2025-07-19T04:18:17.664645
1,Gen1_Match68_1752897898,Gen1_Deck23,Gen1_Deck2,Gen1_Deck23,1,0,24.805654287338257,3586373,Gen1_Match68_1752897898.txt,,2025-07-19T04:18:19.664361
1,Gen1_Match69_1752897898,Gen1_Deck2,Gen1_Deck24,Gen1_Deck2,1,0,31.19327473640442,3586372,Gen1_Match69_1752897898.txt,,2025-07-19T04:18:45.907339
1,Gen1_Match71_1752897898,Gen1_Deck5,Gen1_Deck3,Gen1_Deck3,0,1,35.16881799697876,3586373,Gen1_Match71_1752897898.txt,,2025-07-19T04:18:54.833803
1,Gen1_Match72_1752897898,Gen1_Deck3,Gen1_Deck6,Gen1_Deck3,1,0,28.89245319366455,3586372,Gen1_Match72_1752897898.txt,,2025-07-19T04:19:14.800228
1,Gen1_Match70_1752897898,Gen1_Deck3,Gen1_Deck4,Gen1_Deck3,1,0,68.07812452316284,3586371,Gen1_Match70_1752897898.txt,,2025-07-19T04:19:25.743265
1,Gen1_Match74_1752897898,Gen1_Deck8,Gen1_Deck3,Gen1_Deck3,0,1,30.218963623046875,3586372,Gen1_Match74_1752897898.txt,,2025-07-19T04:19:45.019635
1,Gen1_Match75_1752897898,Gen1_Deck9,Gen1_Deck3,Gen1_Deck3,0,1,24.544629096984863,3586371,Gen1_Match75_1752897898.txt,,2025-07-19T04:19:50.288342
1,Gen1_Match77_1752897898,Gen1_Deck3,Gen1_Deck11,Gen1_Deck3,1,0,26.62633228302002,3586371,Gen1_Match77_1752897898.txt,,2025-07-19T04:20:16.915085
1,Gen1_Match76_1752897898,Gen1_Deck3,Gen1_Deck10,Gen1_Deck3,1,0,32.75143837928772,3586372,Gen1_Match76_1752897898.txt,,2025-07-19T04:20:17.771494
1,Gen1_Match79_1752897898,Gen1_Deck3,Gen1_Deck13,Gen1_Deck3,1,0,24.572545766830444,3586372,Gen1_Match79_1752897898.txt,,2025-07-19T04:20:42.344462
1,Gen1_Match78_1752897898,Gen1_Deck12,Gen1_Deck3,Gen1_Deck12,1,0,35.57057499885559,3586371,Gen1_Match78_1752897898.txt,,2025-07-19T04:20:52.486118
1,Gen1_Match80_1752897898,Gen1_Deck3,Gen1_Deck14,Gen1_Deck14,0,1,21.7922580242157,3586372,Gen1_Match80_1752897898.txt,,2025-07-19T04:21:04.137149
1,Gen1_Match73_1752897898,Gen1_Deck3,Gen1_Deck7,Gen1_Deck3,1,0,131.6299843788147,3586373,Gen1_Match73_1752897898.txt,,2025-07-19T04:21:06.464536
1,Gen1_Match81_1752897898,Gen1_Deck15,Gen1_Deck3,Gen1_Deck15,1,0,24.769834756851196,3586371,Gen1_Match81_1752897898.txt,,2025-07-19T04:21:17.256399
1,Gen1_Match82_1752897898,Gen1_Deck16,Gen1_Deck3,Gen1_Deck16,1,0,24.798840284347534,3586372,Gen1_Match82_1752897898.txt,,2025-07-19T04:21:28.936429
1,Gen1_Match83_1752897898,Gen1_Deck3,Gen1_Deck17,Gen1_Deck3,1,0,26.817814826965332,3586373,Gen1_Match83_1752897898.txt,,2025-07-19T04:21:33.282848
1,Gen1_Match85_1752897898,Gen1_Deck19,Gen1_Deck3,Gen1_Deck19,1,0,27.583494424819946,3586372,Gen1_Match85_1752897898.txt,,2025-07-19T04:21:56.520390
1,Gen1_Match84_1752897898,Gen1_Deck3,Gen1_Deck18,Gen1_Deck3,1,0,43.61178970336914,3586371,Gen1_Match84_1752897898.txt,,2025-07-19T04:22:00.868652
1,Gen1_Match86_1752897898,Gen1_Deck3,Gen1_Deck20,Gen1_Deck3,1,0,40.518837690353394,3586373,Gen1_Match86_1752897898.txt,,2025-07-19T04:22:13.802262
1,Gen1_Match88_1752897898,Gen1_Deck22,Gen1_Deck3,Gen1_Deck22,1,0,32.04161858558655,3586371,Gen1_Match88_1752897898.txt,,2025-07-19T04:22:32.910938
1,Gen1_Match87_1752897898,Gen1_Deck3,Gen1_Deck21,Gen1_Deck3,1,0,48.343517780303955,3586372,Gen1_Match87_1752897898.txt,,2025-07-19T04:22:44.864420
1,Gen1_Match89_1752897898,Gen1_Deck23,Gen1_Deck3,Gen1_Deck23,1,0,44.012990951538086,3586373,Gen1_Match89_1752897898.txt,,2025-07-19T04:22:57.815789
1,Gen1_Match90_1752897898,Gen1_Deck3,Gen1_Deck24,Gen1_Deck24,0,1,32.65205216407776,3586371,Gen1_Match90_1752897898.txt,,2025-07-19T04:23:05.563518
1,Gen1_Match91_1752897898,Gen1_Deck5,Gen1_Deck4,Gen1_Deck5,1,0,25.301164627075195,3586372,Gen1_Match91_1752897898.txt,,2025-07-19T04:23:10.165996
1,Gen1_Match92_1752897898,Gen1_Deck6,Gen1_Deck4,Gen1_Deck6,1,0,24.27607274055481,3586373,Gen1_Match92_1752897898.txt,,2025-07-19T04:23:22.092296
1,Gen1_Match93_1752897898,Gen1_Deck4,Gen1_Deck7,Gen1_Deck4,1,0,28.46396827697754,3586371,Gen1_Match93_1752897898.txt,,2025-07-19T04:23:34.027953
1,Gen1_Match94_1752897898,Gen1_Deck4,Gen1_Deck8,Gen1_Deck4,1,0,33.451422452926636,3586372,Gen1_Match94_1752897898.txt,,2025-07-19T04:23:43.617883
1,Gen1_Match95_1752897898,Gen1_Deck9,Gen1_Deck4,Gen1_Deck9,1,0,26.71964740753174,3586373,Gen1_Match95_1752897898.txt,,2025-07-19T04:23:48.812406
1,Gen1_Match96_1752897898,Gen1_Deck10,Gen1_Deck4,Gen1_Deck10,1,0,29.195945739746094,3586371,Gen1_Match96_1752897898.txt,,2025-07-19T04:24:03.224386
1,Gen1_Match97_1752897898,Gen1_Deck4,Gen1_Deck11,Gen1_Deck11,0,1,27.429119110107422,3586372,Gen1_Match97_1752897898.txt,,2025-07-19T04:24:11.047488
1,Gen1_Match98_1752897898,Gen1_Deck12,Gen1_Deck4,Gen1_Deck12,1,0,32.71957516670227,3586373,Gen1_Match98_1752897898.txt,,2025-07-19T04:24:21.532505
1,Gen1_Match99_1752897898,Gen1_Deck13,Gen1_Deck4,Gen1_Deck4,0,1,30.497453451156616,3586371,Gen1_Match99_1752897898.txt,,2025-07-19T04:24:33.722318
1,Gen1_Match100_1752897898,Gen1_Deck14,Gen1_Deck4,Gen1_Deck14,1,0,23.783024787902832,3586372,Gen1_Match100_1752897898.txt,,2025-07-19T04:24:34.830969
1,Gen1_Match101_1752897898,Gen1_Deck4,Gen1_Deck15,Gen1_Deck15,0,1,33.443434953689575,3586373,Gen1_Match101_1752897898.txt,,2025-07-19T04:24:54.976404
1,Gen1_Match103_1752897898,Gen1_Deck4,Gen1_Deck17,Gen1_Deck4,1,0,44.53975749015808,3586372,Gen1_Match103_1752897898.txt,,2025-07-19T04:25:19.371305
1,Gen1_Match102_1752897898,Gen1_Deck16,Gen1_Deck4,Gen1_Deck4,0,1,45.66268062591553,3586371,Gen1_Match102_1752897898.txt,,2025-07-19T04:25:19.385488
1,Gen1_Match104_1752897898,Gen1_Deck4,Gen1_Deck18,Gen1_Deck4,1,0,34.49499320983887,3586373,Gen1_Match104_1752897898.txt,,2025-07-19T04:25:29.471825
1,Gen1_Match105_1752897898,Gen1_Deck4,Gen1_Deck19,Gen1_Deck4,1,0,31.03995656967163,3586372,Gen1_Match105_1752897898.txt,,2025-07-19T04:25:50.411715
1,Gen1_Match106_1752897898,Gen1_Deck20,Gen1_Deck4,Gen1_Deck4,0,1,37.70652174949646,3586371,Gen1_Match106_1752897898.txt,,2025-07-19T04:25:57.092479
1,Gen1_Match108_1752897898,Gen1_Deck22,Gen1_Deck4,Gen1_Deck4,0,1,28.53636407852173,3586372,Gen1_Match108_1752897898.txt,,2025-07-19T04:26:18.948524
1,Gen1_Match107_1752897898,Gen1_Deck4,Gen1_Deck21,Gen1_Deck4,1,0,50.347931146621704,3586373,Gen1_Match107_1752897898.txt,,2025-07-19T04:26:19.820207
1,Gen1_Match109_1752897898,Gen1_Deck23,Gen1_Deck4,Gen1_Deck23,1,0,24.931830167770386,3586371,Gen1_Match109_1752897898.txt,,2025-07-19T04:26:22.024751
1,Gen1_Match111_1752897898,Gen1_Deck6,Gen1_Deck5,Gen1_Deck6,1,0,31.384024620056152,3586373,Gen1_Match111_1752897898.txt,,2025-07-19T04:26:51.204751
1,Gen1_Match112_1752897898,Gen1_Deck5,Gen1_Deck7,Gen1_Deck5,1,0,49.744377851486206,3586371,Gen1_Match112_1752897898.txt,,2025-07-19T04:27:11.769635
1,Gen1_Match113_1752897898,Gen1_Deck8,Gen1_Deck5,Gen1_Deck5,0,1,23.690373420715332,3586373,Gen1_Match113_1752897898.txt,,2025-07-19T04:27:14.895600
1,Gen1_Match114_1752897898,Gen1_Deck9,Gen1_Deck5,Gen1_Deck5,0,1,28.63639521598816,3586371,Gen1_Match114_1752897898.txt,,2025-07-19T04:27:40.406562
1,Gen1_Match115_1752897898,Gen1_Deck5,Gen1_Deck10,Gen1_Deck10,0,1,25.716841220855713,3586373,Gen1_Match115_1752897898.txt,,2025-07-19T04:27:40.612881
1,Gen1_Match110_1752897898,Gen1_Deck24,Gen1_Deck4,Gen1_Deck4,0,1,84.23504710197449,3586372,Gen1_Match110_1752897898.txt,,2025-07-19T04:27:43.184154
1,Gen1_Match116_1752897898,Gen1_Deck5,Gen1_Deck11,Gen1_Deck11,0,1,27.613220691680908,3586371,Gen1_Match116_1752897898.txt,,2025-07-19T04:28:08.020214
1,Gen1_Match117_1752897898,Gen1_Deck12,Gen1_Deck5,Gen1_Deck12,1,0,28.214948177337646,3586373,Gen1_Match117_1752897898.txt,,2025-07-19T04:28:08.828237
1,Gen1_Match118_1752897898,Gen1_Deck13,Gen1_Deck5,Gen1_Deck5,0,1,28.80614733695984,3586372,Gen1_Match118_1752897898.txt,,2025-07-19T04:28:11.990755
1,Gen1_Match119_1752897898,Gen1_Deck5,Gen1_Deck14,Gen1_Deck14,0,1,30.78317880630493,3586371,Gen1_Match119_1752897898.txt,,2025-07-19T04:28:38.803841
1,Gen1_Match121_1752897898,Gen1_Deck16,Gen1_Deck5,Gen1_Deck16,1,0,29.831925630569458,3586372,Gen1_Match121_1752897898.txt,,2025-07-19T04:28:41.823200
1,Gen1_Match120_1752897898,Gen1_Deck15,Gen1_Deck5,Gen1_Deck15,1,0,33.79962992668152,3586373,Gen1_Match120_1752897898.txt,,2025-07-19T04:28:42.628384
1,Gen1_Match122_1752897898,Gen1_Deck5,Gen1_Deck17,Gen1_Deck17,0,1,25.249061346054077,3586371,Gen1_Match122_1752897898.txt,,2025-07-19T04:29:04.053336
1,Gen1_Match124_1752897898,Gen1_Deck19,Gen1_Deck5,Gen1_Deck19,1,0,31.62762427330017,3586373,Gen1_Match124_1752897898.txt,,2025-07-19T04:29:14.256490
1,Gen1_Match123_1752897898,Gen1_Deck5,Gen1_Deck18,Gen1_Deck18,0,1,51.608678102493286,3586372,Gen1_Match123_1752897898.txt,,2025-07-19T04:29:33.432348
1,Gen1_Match126_1752897898,Gen1_Deck5,Gen1_Deck21,Gen1_Deck21,0,1,23.334813117980957,3586373,Gen1_Match126_1752897898.txt,,2025-07-19T04:29:37.591752
1,Gen1_Match125_1752897898,Gen1_Deck5,Gen1_Deck20,Gen1_Deck20,0,1,37.496020793914795,3586371,Gen1_Match125_1752897898.txt,,2025-07-19T04:29:41.549849
1,Gen1_Match128_1752897898,Gen1_Deck23,Gen1_Deck5,Gen1_Deck23,1,0,24.052232265472412,3586373,Gen1_Match128_1752897898.txt,,2025-07-19T04:30:01.644430
1,Gen1_Match127_1752897898,Gen1_Deck22,Gen1_Deck5,Gen1_Deck5,0,1,38.0715172290802,3586372,Gen1_Match127_1752897898.txt,,2025-07-19T04:30:11.504407
1,Gen1_Match129_1752897898,Gen1_Deck5,Gen1_Deck24,Gen1_Deck24,0,1,34.378146171569824,3586371,Gen1_Match129_1752897898.txt,,2025-07-19T04:30:15.928427
1,Gen1_Match132_1752897898,Gen1_Deck6,Gen1_Deck9,Gen1_Deck9,0,1,22.191466569900513,3586371,Gen1_Match132_1752897898.txt,,2025-07-19T04:30:38.120352
1,Gen1_Match131_1752897898,Gen1_Deck8,Gen1_Deck6,Gen1_Deck8,1,0,26.679553747177124,3586372,Gen1_Match131_1752897898.txt,,2025-07-19T04:30:38.184387
1,Gen1_Match130_1752897898,Gen1_Deck7,Gen1_Deck6,Gen1_Deck7,1,0,57.760048389434814,3586373,Gen1_Match130_1752897898.txt,,2025-07-19T04:30:59.405010
1,Gen1_Match134_1752897898,Gen1_Deck11,Gen1_Deck6,Gen1_Deck6,0,1,23.362777948379517,3586372,Gen1_Match134_1752897898.txt,,2025-07-19T04:31:01.547568
1,Gen1_Match133_1752897898,Gen1_Deck6,Gen1_Deck10,Gen1_Deck6,1,0,24.25875973701477,3586371,Gen1_Match133_1752897898.txt,,2025-07-19T04:31:02.379570
1,Gen1_Match136_1752897898,Gen1_Deck6,Gen1_Deck13,Gen1_Deck6,1,0,23.204349279403687,3586372,Gen1_Match136_1752897898.txt,,2025-07-19T04:31:24.752346
1,Gen1_Match135_1752897898,Gen1_Deck12,Gen1_Deck6,Gen1_Deck6,0,1,29.33269476890564,3586373,Gen1_Match135_1752897898.txt,,2025-07-19T04:31:28.738176
1,Gen1_Match137_1752897898,Gen1_Deck14,Gen1_Deck6,Gen1_Deck14,1,0,43.61252784729004,3586371,Gen1_Match137_1752897898.txt,,2025-07-19T04:31:45.992572
1,Gen1_Match139_1752897898,Gen1_Deck16,Gen1_Deck6,Gen1_Deck16,1,0,26.120914697647095,3586373,Gen1_Match139_1752897898.txt,,2025-07-19T04:31:54.859591
1,Gen1_Match138_1752897898,Gen1_Deck15,Gen1_Deck6,Gen1_Deck6,0,1,30.58759069442749,3586372,Gen1_Match138_1752897898.txt,,2025-07-19T04:31:55.340457
1,Gen1_Match140_1752897898,Gen1_Deck6,Gen1_Deck17,Gen1_Deck17,0,1,21.95927619934082,3586371,Gen1_Match140_1752897898.txt,,2025-07-19T04:32:07.952265
1,Gen1_Match142_1752897898,Gen1_Deck6,Gen1_Deck19,Gen1_Deck6,1,0,29.816864490509033,3586372,Gen1_Match142_1752897898.txt,,2025-07-19T04:32:25.157786
1,Gen1_Match143_1752897898,Gen1_Deck20,Gen1_Deck6,Gen1_Deck20,1,0,24.18288016319275,3586371,Gen1_Match143_1752897898.txt,,2025-07-19T04:32:32.135574
1,Gen1_Match141_1752897898,Gen1_Deck18,Gen1_Deck6,Gen1_Deck18,1,0,39.17227578163147,3586373,Gen1_Match141_1752897898.txt,,2025-07-19T04:32:34.032291
1,Gen1_Match144_1752897898,Gen1_Deck6,Gen1_Deck21,Gen1_Deck21,0,1,29.135366916656494,3586372,Gen1_Match144_1752897898.txt,,2025-07-19T04:32:54.293648
1,Gen1_Match146_1752897898,Gen1_Deck6,Gen1_Deck23,Gen1_Deck23,0,1,29.893704175949097,3586373,Gen1_Match146_1752897898.txt,,2025-07-19T04:33:03.926431
1,Gen1_Match145_1752897898,Gen1_Deck22,Gen1_Deck6,Gen1_Deck6,0,1,44.71238350868225,3586371,Gen1_Match145_1752897898.txt,,2025-07-19T04:33:16.848474
1,Gen1_Match147_1752897898,Gen1_Deck24,Gen1_Deck6,Gen1_Deck6,0,1,24.056429386138916,3586372,Gen1_Match147_1752897898.txt,,2025-07-19T04:33:18.350552
1,Gen1_Match148_1752897898,Gen1_Deck8,Gen1_Deck7,Gen1_Deck8,1,0,24.793211698532104,3586373,Gen1_Match148_1752897898.txt,,2025-07-19T04:33:28.720126
1,Gen1_Match150_1752897898,Gen1_Deck7,Gen1_Deck10,Gen1_Deck7,1,0,36.23134255409241,3586372,Gen1_Match150_1752897898.txt,,2025-07-19T04:33:54.582410
1,Gen1_Match151_1752897898,Gen1_Deck7,Gen1_Deck11,Gen1_Deck11,0,1,27.223844528198242,3586373,Gen1_Match151_1752897898.txt,,2025-07-19T04:33:55.944453
1,Gen1_Match149_1752897898,Gen1_Deck9,Gen1_Deck7,Gen1_Deck7,0,1,50.74739122390747,3586371,Gen1_Match149_1752897898.txt,,2025-07-19T04:34:07.596324
1,Gen1_Match153_1752897898,Gen1_Deck7,Gen1_Deck13,Gen1_Deck7,1,0,28.189268112182617,3586373,Gen1_Match153_1752897898.txt,,2025-07-19T04:34:24.134202
1,Gen1_Match154_1752897898,Gen1_Deck7,Gen1_Deck14,Gen1_Deck14,0,1,26.723724603652954,3586371,Gen1_Match154_1752897898.txt,,2025-07-19T04:34:34.320457
1,Gen1_Match156_1752897898,Gen1_Deck16,Gen1_Deck7,Gen1_Deck16,1,0,29.48159694671631,3586371,Gen1_Match156_1752897898.txt,,2025-07-19T04:35:03.802486
1,Gen1_Match155_1752897898,Gen1_Deck15,Gen1_Deck7,Gen1_Deck7,0,1,71.12237763404846,3586373,Gen1_Match155_1752897898.txt,,2025-07-19T04:35:35.257212
1,Gen1_Match157_1752897898,Gen1_Deck7,Gen1_Deck17,Gen1_Deck17,0,1,33.09330129623413,3586371,Gen1_Match157_1752897898.txt,,2025-07-19T04:35:36.896223
1,Gen1_Match159_1752897898,Gen1_Deck19,Gen1_Deck7,Gen1_Deck19,1,0,27.793601751327515,3586371,Gen1_Match159_1752897898.txt,,2025-07-19T04:36:04.690249
1,Gen1_Match152_1752897898,Gen1_Deck12,Gen1_Deck7,Gen1_Deck12,1,0,133.23160934448242,3586372,Gen1_Match152_1752897898.txt,,2025-07-19T04:36:07.814711
1,Gen1_Match161_1752897898,Gen1_Deck7,Gen1_Deck21,Gen1_Deck21,0,1,23.87541389465332,3586372,Gen1_Match161_1752897898.txt,,2025-07-19T04:36:31.690580
1,Gen1_Match160_1752897898,Gen1_Deck7,Gen1_Deck20,Gen1_Deck20,0,1,38.33506631851196,3586371,Gen1_Match160_1752897898.txt,,2025-07-19T04:36:43.025792
1,Gen1_Match158_1752897898,Gen1_Deck18,Gen1_Deck7,Gen1_Deck7,0,1,67.8667664527893,3586373,Gen1_Match158_1752897898.txt,,2025-07-19T04:36:43.124462
1,Gen1_Match162_1752897898,Gen1_Deck22,Gen1_Deck7,Gen1_Deck22,1,0,33.47662305831909,3586372,Gen1_Match162_1752897898.txt,,2025-07-19T04:37:05.167647
1,Gen1_Match164_1752897898,Gen1_Deck7,Gen1_Deck24,Gen1_Deck7,1,0,34.959402084350586,3586373,Gen1_Match164_1752897898.txt,,2025-07-19T04:37:18.084303
1,Gen1_Match165_1752897898,Gen1_Deck9,Gen1_Deck8,Gen1_Deck9,1,0,28.725164651870728,3586372,Gen1_Match165_1752897898.txt,,2025-07-19T04:37:33.893239
1,Gen1_Match166_1752897898,Gen1_Deck8,Gen1_Deck10,Gen1_Deck8,1,0,21.511961460113525,3586373,Gen1_Match166_1752897898.txt,,2025-07-19T04:37:39.596675
1,Gen1_Match163_1752897898,Gen1_Deck23,Gen1_Deck7,Gen1_Deck23,1,0,66.00010848045349,3586371,Gen1_Match163_1752897898.txt,,2025-07-19T04:37:49.026652
1,Gen1_Match168_1752897898,Gen1_Deck12,Gen1_Deck8,Gen1_Deck8,0,1,21.34320831298828,3586373,Gen1_Match168_1752897898.txt,,2025-07-19T04:38:00.940361
1,Gen1_Match170_1752897898,Gen1_Deck8,Gen1_Deck14,Gen1_Deck14,0,1,21.146505117416382,3586373,Gen1_Match170_1752897898.txt,,2025-07-19T04:38:22.087309
1,Gen1_Match169_1752897898,Gen1_Deck8,Gen1_Deck13,Gen1_Deck13,0,1,47.34382343292236,3586371,Gen1_Match169_1752897898.txt,,2025-07-19T04:38:36.371064
1,Gen1_Match172_1752897898,Gen1_Deck16,Gen1_Deck8,Gen1_Deck8,0,1,24.41461181640625,3586371,Gen1_Match172_1752897898.txt,,2025-07-19T04:39:00.786128
1,Gen1_Match173_1752897898,Gen1_Deck8,Gen1_Deck17,Gen1_Deck17,0,1,17.16281032562256,3586371,Gen1_Match173_1752897898.txt,,2025-07-19T04:39:17.949372
1,Gen1_Match174_1752897898,Gen1_Deck8,Gen1_Deck18,Gen1_Deck8,1,0,25.762015342712402,3586371,Gen1_Match174_1752897898.txt,,2025-07-19T04:39:43.711832
1,Gen1_Match167_1752897898,Gen1_Deck8,Gen1_Deck11,Gen1_Deck8,1,0,132.51675701141357,3586372,Gen1_Match167_1752897898.txt,,2025-07-19T04:39:46.410637
1,Gen1_Match175_1752897898,Gen1_Deck19,Gen1_Deck8,Gen1_Deck19,1,0,28.993258714675903,3586371,Gen1_Match175_1752897898.txt,,2025-07-19T04:40:12.705580
1,Gen1_Match171_1752897898,Gen1_Deck15,Gen1_Deck8,Gen1_Deck8,0,1,112.51157546043396,3586373,Gen1_Match171_1752897898.txt,,2025-07-19T04:40:14.599429
1,Gen1_Match176_1752897898,Gen1_Deck8,Gen1_Deck20,Gen1_Deck20,0,1,31.23734188079834,3586372,Gen1_Match176_1752897898.txt,,2025-07-19T04:40:17.648482
1,Gen1_Match179_1752897898,Gen1_Deck23,Gen1_Deck8,Gen1_Deck23,1,0,22.831433057785034,3586372,Gen1_Match179_1752897898.txt,,2025-07-19T04:40:40.480402
1,Gen1_Match178_1752897898,Gen1_Deck22,Gen1_Deck8,Gen1_Deck8,0,1,26.82064461708069,3586373,Gen1_Match178_1752897898.txt,,2025-07-19T04:40:41.420589
1,Gen1_Match177_1752897898,Gen1_Deck8,Gen1_Deck21,Gen1_Deck8,1,0,35.0948851108551,3586371,Gen1_Match177_1752897898.txt,,2025-07-19T04:40:47.800952
1,Gen1_Match180_1752897898,Gen1_Deck8,Gen1_Deck24,Gen1_Deck8,1,0,25.192006826400757,3586372,Gen1_Match180_1752897898.txt,,2025-07-19T04:41:05.672863
1,Gen1_Match181_1752897898,Gen1_Deck9,Gen1_Deck10,Gen1_Deck10,0,1,28.796861171722412,3586373,Gen1_Match181_1752897898.txt,,2025-07-19T04:41:10.217886
1,Gen1_Match182_1752897898,Gen1_Deck9,Gen1_Deck11,Gen1_Deck11,0,1,36.0082471370697,3586371,Gen1_Match182_1752897898.txt,,2025-07-19T04:41:23.809692
1,Gen1_Match183_1752897898,Gen1_Deck12,Gen1_Deck9,Gen1_Deck12,1,0,25.226219654083252,3586372,Gen1_Match183_1752897898.txt,,2025-07-19T04:41:30.899533
1,Gen1_Match184_1752897898,Gen1_Deck9,Gen1_Deck13,Gen1_Deck9,1,0,30.206222772598267,3586373,Gen1_Match184_1752897898.txt,,2025-07-19T04:41:40.424575
1,Gen1_Match185_1752897898,Gen1_Deck9,Gen1_Deck14,Gen1_Deck14,0,1,23.357213735580444,3586371,Gen1_Match185_1752897898.txt,,2025-07-19T04:41:47.167365
1,Gen1_Match187_1752897898,Gen1_Deck16,Gen1_Deck9,Gen1_Deck9,0,1,24.79863476753235,3586373,Gen1_Match187_1752897898.txt,,2025-07-19T04:42:05.223620
1,Gen1_Match188_1752897898,Gen1_Deck9,Gen1_Deck17,Gen1_Deck17,0,1,26.974916458129883,3586371,Gen1_Match188_1752897898.txt,,2025-07-19T04:42:14.142727
1,Gen1_Match186_1752897898,Gen1_Deck15,Gen1_Deck9,Gen1_Deck9,0,1,51.31379699707031,3586372,Gen1_Match186_1752897898.txt,,2025-07-19T04:42:22.213878
1,Gen1_Match189_1752897898,Gen1_Deck18,Gen1_Deck9,Gen1_Deck9,0,1,44.3511905670166,3586373,Gen1_Match189_1752897898.txt,,2025-07-19T04:42:49.575362
1,Gen1_Match190_1752897898,Gen1_Deck19,Gen1_Deck9,Gen1_Deck9,0,1,40.72526240348816,3586371,Gen1_Match190_1752897898.txt,,2025-07-19T04:42:54.868568
1,Gen1_Match192_1752897898,Gen1_Deck9,Gen1_Deck21,Gen1_Deck21,0,1,30.35273814201355,3586373,Gen1_Match192_1752897898.txt,,2025-07-19T04:43:19.928686
1,Gen1_Match193_1752897898,Gen1_Deck22,Gen1_Deck9,Gen1_Deck22,1,0,25.086620807647705,3586371,Gen1_Match193_1752897898.txt,,2025-07-19T04:43:19.955647
1,Gen1_Match191_1752897898,Gen1_Deck20,Gen1_Deck9,Gen1_Deck9,0,1,77.22256207466125,3586372,Gen1_Match191_1752897898.txt,,2025-07-19T04:43:39.437054
1,Gen1_Match195_1752897898,Gen1_Deck24,Gen1_Deck9,Gen1_Deck9,0,1,23.33239769935608,3586371,Gen1_Match195_1752897898.txt,,2025-07-19T04:43:43.288451
1,Gen1_Match196_1752897898,Gen1_Deck10,Gen1_Deck11,Gen1_Deck11,0,1,26.76417851448059,3586372,Gen1_Match196_1752897898.txt,,2025-07-19T04:44:06.201634
1,Gen1_Match197_1752897898,Gen1_Deck12,Gen1_Deck10,Gen1_Deck12,1,0,26.41554045677185,3586371,Gen1_Match197_1752897898.txt,,2025-07-19T04:44:09.704412
1,Gen1_Match194_1752897898,Gen1_Deck9,Gen1_Deck23,Gen1_Deck23,0,1,68.97943377494812,3586373,Gen1_Match194_1752897898.txt,,2025-07-19T04:44:28.908877
1,Gen1_Match198_1752897898,Gen1_Deck13,Gen1_Deck10,Gen1_Deck13,1,0,25.18742322921753,3586372,Gen1_Match198_1752897898.txt,,2025-07-19T04:44:31.389455
1,Gen1_Match199_1752897898,Gen1_Deck10,Gen1_Deck14,Gen1_Deck14,0,1,27.147568225860596,3586371,Gen1_Match199_1752897898.txt,,2025-07-19T04:44:36.852424
1,Gen1_Match200_1752897898,Gen1_Deck15,Gen1_Deck10,Gen1_Deck15,1,0,33.27612900733948,3586373,Gen1_Match200_1752897898.txt,,2025-07-19T04:45:02.185431
1,Gen1_Match201_1752897898,Gen1_Deck16,Gen1_Deck10,Gen1_Deck16,1,0,33.882986068725586,3586372,Gen1_Match201_1752897898.txt,,2025-07-19T04:45:05.272848
1,Gen1_Match202_1752897898,Gen1_Deck10,Gen1_Deck17,Gen1_Deck17,0,1,29.15762710571289,3586371,Gen1_Match202_1752897898.txt,,2025-07-19T04:45:06.010503
1,Gen1_Match203_1752897898,Gen1_Deck10,Gen1_Deck18,Gen1_Deck18,0,1,26.6659197807312,3586373,Gen1_Match203_1752897898.txt,,2025-07-19T04:45:28.851788
1,Gen1_Match205_1752897898,Gen1_Deck10,Gen1_Deck20,Gen1_Deck20,0,1,24.094385623931885,3586371,Gen1_Match205_1752897898.txt,,2025-07-19T04:45:30.105331
1,Gen1_Match204_1752897898,Gen1_Deck19,Gen1_Deck10,Gen1_Deck19,1,0,32.51917028427124,3586372,Gen1_Match204_1752897898.txt,,2025-07-19T04:45:37.792447
1,Gen1_Match206_1752897898,Gen1_Deck10,Gen1_Deck21,Gen1_Deck21,0,1,24.42018723487854,3586373,Gen1_Match206_1752897898.txt,,2025-07-19T04:45:53.272413
1,Gen1_Match207_1752897898,Gen1_Deck22,Gen1_Deck10,Gen1_Deck22,1,0,23.18089008331299,3586371,Gen1_Match207_1752897898.txt,,2025-07-19T04:45:53.286626
1,Gen1_Match208_1752897898,Gen1_Deck23,Gen1_Deck10,Gen1_Deck23,1,0,36.62596797943115,3586372,Gen1_Match208_1752897898.txt,,2025-07-19T04:46:14.418921
1,Gen1_Match210_1752897898,Gen1_Deck11,Gen1_Deck12,Gen1_Deck12,0,1,32.11372184753418,3586371,Gen1_Match210_1752897898.txt,,2025-07-19T04:46:25.401126
1,Gen1_Match209_1752897898,Gen1_Deck10,Gen1_Deck24,Gen1_Deck10,1,0,43.96318578720093,3586373,Gen1_Match209_1752897898.txt,,2025-07-19T04:46:37.236109
1,Gen1_Match211_1752897898,Gen1_Deck13,Gen1_Deck11,Gen1_Deck13,1,0,31.36103367805481,3586372,Gen1_Match211_1752897898.txt,,2025-07-19T04:46:45.780432
1,Gen1_Match212_1752897898,Gen1_Deck14,Gen1_Deck11,Gen1_Deck14,1,0,27.302765607833862,3586371,Gen1_Match212_1752897898.txt,,2025-07-19T04:46:52.704316
1,Gen1_Match213_1752897898,Gen1_Deck11,Gen1_Deck15,Gen1_Deck11,1,0,26.07176423072815,3586373,Gen1_Match213_1752897898.txt,,2025-07-19T04:47:03.308357
1,Gen1_Match214_1752897898,Gen1_Deck11,Gen1_Deck16,Gen1_Deck16,0,1,25.83150362968445,3586372,Gen1_Match214_1752897898.txt,,2025-07-19T04:47:11.612382
1,Gen1_Match215_1752897898,Gen1_Deck17,Gen1_Deck11,Gen1_Deck11,0,1,28.63736629486084,3586371,Gen1_Match215_1752897898.txt,,2025-07-19T04:47:21.342096
1,Gen1_Match216_1752897898,Gen1_Deck11,Gen1_Deck18,Gen1_Deck18,0,1,39.05424094200134,3586373,Gen1_Match216_1752897898.txt,,2025-07-19T04:47:42.363077
1,Gen1_Match217_1752897898,Gen1_Deck11,Gen1_Deck19,Gen1_Deck11,1,0,32.677631855010986,3586372,Gen1_Match217_1752897898.txt,,2025-07-19T04:47:44.290479
1,Gen1_Match218_1752897898,Gen1_Deck20,Gen1_Deck11,Gen1_Deck20,1,0,28.222050666809082,3586371,Gen1_Match218_1752897898.txt,,2025-07-19T04:47:49.564592
1,Gen1_Match219_1752897898,Gen1_Deck21,Gen1_Deck11,Gen1_Deck21,1,0,25.987025499343872,3586373,Gen1_Match219_1752897898.txt,,2025-07-19T04:48:08.350530
1,Gen1_Match220_1752897898,Gen1_Deck11,Gen1_Deck22,Gen1_Deck22,0,1,32.75962424278259,3586372,Gen1_Match220_1752897898.txt,,2025-07-19T04:48:17.050614
1,Gen1_Match221_1752897898,Gen1_Deck11,Gen1_Deck23,Gen1_Deck23,0,1,30.972748279571533,3586371,Gen1_Match221_1752897898.txt,,2025-07-19T04:48:20.537836
1,Gen1_Match223_1752897898,Gen1_Deck12,Gen1_Deck13,Gen1_Deck12,1,0,22.356266260147095,3586372,Gen1_Match223_1752897898.txt,,2025-07-19T04:48:39.407352
1,Gen1_Match224_1752897898,Gen1_Deck12,Gen1_Deck14,Gen1_Deck12,1,0,30.026169776916504,3586371,Gen1_Match224_1752897898.txt,,2025-07-19T04:48:50.564436
1,Gen1_Match225_1752897898,Gen1_Deck15,Gen1_Deck12,Gen1_Deck15,1,0,21.383111238479614,3586372,Gen1_Match225_1752897898.txt,,2025-07-19T04:49:00.791034
1,Gen1_Match222_1752897898,Gen1_Deck24,Gen1_Deck11,Gen1_Deck11,0,1,59.93333554267883,3586373,Gen1_Match222_1752897898.txt,,2025-07-19T04:49:08.284506
1,Gen1_Match226_1752897898,Gen1_Deck16,Gen1_Deck12,Gen1_Deck12,0,1,24.231848001480103,3586371,Gen1_Match226_1752897898.txt,,2025-07-19T04:49:14.796701
1,Gen1_Match227_1752897898,Gen1_Deck12,Gen1_Deck17,Gen1_Deck17,0,1,26.149800539016724,3586372,Gen1_Match227_1752897898.txt,,2025-07-19T04:49:26.941337
1,Gen1_Match228_1752897898,Gen1_Deck18,Gen1_Deck12,Gen1_Deck18,1,0,29.057490348815918,3586373,Gen1_Match228_1752897898.txt,,2025-07-19T04:49:37.342463
1,Gen1_Match229_1752897898,Gen1_Deck19,Gen1_Deck12,Gen1_Deck12,0,1,33.612974405288696,3586371,Gen1_Match229_1752897898.txt,,2025-07-19T04:49:48.410436
1,Gen1_Match230_1752897898,Gen1_Deck12,Gen1_Deck20,Gen1_Deck20,0,1,31.878761768341064,3586372,Gen1_Match230_1752897898.txt,,2025-07-19T04:49:58.820610
1,Gen1_Match231_1752897898,Gen1_Deck12,Gen1_Deck21,Gen1_Deck12,1,0,34.26230072975159,3586373,Gen1_Match231_1752897898.txt,,2025-07-19T04:50:11.605197
1,Gen1_Match232_1752897898,Gen1_Deck22,Gen1_Deck12,Gen1_Deck22,1,0,23.20935869216919,3586371,Gen1_Match232_1752897898.txt,,2025-07-19T04:50:11.620324
1,Gen1_Match233_1752897898,Gen1_Deck23,Gen1_Deck12,Gen1_Deck23,1,0,24.175294160842896,3586372,Gen1_Match233_1752897898.txt,,2025-07-19T04:50:22.996334
1,Gen1_Match234_1752897898,Gen1_Deck12,Gen1_Deck24,Gen1_Deck12,1,0,23.994797945022583,3586373,Gen1_Match234_1752897898.txt,,2025-07-19T04:50:35.600430
1,Gen1_Match235_1752897898,Gen1_Deck13,Gen1_Deck14,Gen1_Deck13,1,0,34.6596360206604,3586371,Gen1_Match235_1752897898.txt,,2025-07-19T04:50:46.280436
1,Gen1_Match236_1752897898,Gen1_Deck15,Gen1_Deck13,Gen1_Deck15,1,0,26.185685634613037,3586372,Gen1_Match236_1752897898.txt,,2025-07-19T04:50:49.182463
1,Gen1_Match237_1752897898,Gen1_Deck13,Gen1_Deck16,Gen1_Deck16,0,1,29.820654153823853,3586373,Gen1_Match237_1752897898.txt,,2025-07-19T04:51:05.421571
1,Gen1_Match238_1752897898,Gen1_Deck13,Gen1_Deck17,Gen1_Deck17,0,1,25.848326921463013,3586371,Gen1_Match238_1752897898.txt,,2025-07-19T04:51:12.129223
1,Gen1_Match239_1752897898,Gen1_Deck13,Gen1_Deck18,Gen1_Deck18,0,1,36.70166754722595,3586372,Gen1_Match239_1752897898.txt,,2025-07-19T04:51:25.884564
1,Gen1_Match240_1752897898,Gen1_Deck19,Gen1_Deck13,Gen1_Deck19,1,0,31.222846031188965,3586373,Gen1_Match240_1752897898.txt,,2025-07-19T04:51:36.644902
1,Gen1_Match241_1752897898,Gen1_Deck13,Gen1_Deck20,Gen1_Deck20,0,1,28.253234148025513,3586371,Gen1_Match241_1752897898.txt,,2025-07-19T04:51:40.385656
1,Gen1_Match243_1752897898,Gen1_Deck22,Gen1_Deck13,Gen1_Deck22,1,0,26.485484838485718,3586373,Gen1_Match243_1752897898.txt,,2025-07-19T04:52:03.130901
1,Gen1_Match242_1752897898,Gen1_Deck21,Gen1_Deck13,Gen1_Deck21,1,0,40.284502029418945,3586372,Gen1_Match242_1752897898.txt,,2025-07-19T04:52:06.169544
1,Gen1_Match244_1752897898,Gen1_Deck23,Gen1_Deck13,Gen1_Deck13,0,1,28.458251953125,3586371,Gen1_Match244_1752897898.txt,,2025-07-19T04:52:08.844399
1,Gen1_Match245_1752897898,Gen1_Deck13,Gen1_Deck24,Gen1_Deck13,1,0,27.780988693237305,3586373,Gen1_Match245_1752897898.txt,,2025-07-19T04:52:30.912359
1,Gen1_Match246_1752897898,Gen1_Deck15,Gen1_Deck14,Gen1_Deck15,1,0,25.745859622955322,3586372,Gen1_Match246_1752897898.txt,,2025-07-19T04:52:31.915807
1,Gen1_Match247_1752897898,Gen1_Deck16,Gen1_Deck14,Gen1_Deck14,0,1,46.68336772918701,3586371,Gen1_Match247_1752897898.txt,,2025-07-19T04:52:55.528250
1,Gen1_Match249_1752897898,Gen1_Deck14,Gen1_Deck18,Gen1_Deck14,1,0,28.40432620048523,3586372,Gen1_Match249_1752897898.txt,,2025-07-19T04:53:00.320561
1,Gen1_Match248_1752897898,Gen1_Deck17,Gen1_Deck14,Gen1_Deck17,1,0,30.311477422714233,3586373,Gen1_Match248_1752897898.txt,,2025-07-19T04:53:01.224294
1,Gen1_Match250_1752897898,Gen1_Deck19,Gen1_Deck14,Gen1_Deck14,0,1,26.206289768218994,3586371,Gen1_Match250_1752897898.txt,,2025-07-19T04:53:21.735002
1,Gen1_Match251_1752897898,Gen1_Deck20,Gen1_Deck14,Gen1_Deck20,1,0,29.93865180015564,3586372,Gen1_Match251_1752897898.txt,,2025-07-19T04:53:30.259642
1,Gen1_Match252_1752897898,Gen1_Deck14,Gen1_Deck21,Gen1_Deck21,0,1,29.20061469078064,3586373,Gen1_Match252_1752897898.txt,,2025-07-19T04:53:30.425327
1,Gen1_Match253_1752897898,Gen1_Deck14,Gen1_Deck22,Gen1_Deck22,0,1,31.59663414955139,3586371,Gen1_Match253_1752897898.txt,,2025-07-19T04:53:53.332075
1,Gen1_Match254_1752897898,Gen1_Deck23,Gen1_Deck14,Gen1_Deck23,1,0,24.944242000579834,3586372,Gen1_Match254_1752897898.txt,,2025-07-19T04:53:55.204299
1,Gen1_Match255_1752897898,Gen1_Deck24,Gen1_Deck14,Gen1_Deck14,0,1,32.29062294960022,3586373,Gen1_Match255_1752897898.txt,,2025-07-19T04:54:02.716465
1,Gen1_Match256_1752897898,Gen1_Deck16,Gen1_Deck15,Gen1_Deck16,1,0,31.43604588508606,3586371,Gen1_Match256_1752897898.txt,,2025-07-19T04:54:24.768549
1,Gen1_Match259_1752897898,Gen1_Deck19,Gen1_Deck15,Gen1_Deck19,1,0,25.591402530670166,3586371,Gen1_Match259_1752897898.txt,,2025-07-19T04:54:50.360362
1,Gen1_Match257_1752897898,Gen1_Deck15,Gen1_Deck17,Gen1_Deck17,0,1,57.406633377075195,3586372,Gen1_Match257_1752897898.txt,,2025-07-19T04:54:52.611480
1,Gen1_Match258_1752897898,Gen1_Deck15,Gen1_Deck18,Gen1_Deck15,1,0,58.65403437614441,3586373,Gen1_Match258_1752897898.txt,,2025-07-19T04:55:01.371046
1,Gen1_Match260_1752897898,Gen1_Deck15,Gen1_Deck20,Gen1_Deck20,0,1,27.41277313232422,3586371,Gen1_Match260_1752897898.txt,,2025-07-19T04:55:17.773533
1,Gen1_Match261_1752897898,Gen1_Deck15,Gen1_Deck21,Gen1_Deck21,0,1,31.072525024414062,3586372,Gen1_Match261_1752897898.txt,,2025-07-19T04:55:23.684476
1,Gen1_Match262_1752897898,Gen1_Deck22,Gen1_Deck15,Gen1_Deck15,0,1,31.400969982147217,3586373,Gen1_Match262_1752897898.txt,,2025-07-19T04:55:32.772499
1,Gen1_Match263_1752897898,Gen1_Deck23,Gen1_Deck15,Gen1_Deck23,1,0,33.92655062675476,3586371,Gen1_Match263_1752897898.txt,,2025-07-19T04:55:51.700604
1,Gen1_Match264_1752897898,Gen1_Deck15,Gen1_Deck24,Gen1_Deck15,1,0,35.55930781364441,3586372,Gen1_Match264_1752897898.txt,,2025-07-19T04:55:59.244271
1,Gen1_Match265_1752897898,Gen1_Deck17,Gen1_Deck16,Gen1_Deck16,0,1,32.81900501251221,3586373,Gen1_Match265_1752897898.txt,,2025-07-19T04:56:05.591965
1,Gen1_Match266_1752897898,Gen1_Deck16,Gen1_Deck18,Gen1_Deck16,1,0,35.711405515670776,3586371,Gen1_Match266_1752897898.txt,,2025-07-19T04:56:27.412473
1,Gen1_Match267_1752897898,Gen1_Deck16,Gen1_Deck19,Gen1_Deck19,0,1,29.534240245819092,3586372,Gen1_Match267_1752897898.txt,,2025-07-19T04:56:28.778999
1,Gen1_Match270_1752897898,Gen1_Deck16,Gen1_Deck22,Gen1_Deck22,0,1,23.4721257686615,3586372,Gen1_Match270_1752897898.txt,,2025-07-19T04:56:52.251589
1,Gen1_Match268_1752897898,Gen1_Deck20,Gen1_Deck16,Gen1_Deck20,1,0,47.02808666229248,3586373,Gen1_Match268_1752897898.txt,,2025-07-19T04:56:52.620575
1,Gen1_Match269_1752897898,Gen1_Deck21,Gen1_Deck16,Gen1_Deck16,0,1,30.868952751159668,3586371,Gen1_Match269_1752897898.txt,,2025-07-19T04:56:58.281898
1,Gen1_Match271_1752897898,Gen1_Deck16,Gen1_Deck23,Gen1_Deck16,1,0,25.171067476272583,3586372,Gen1_Match271_1752897898.txt,,2025-07-19T04:57:17.423180
1,Gen1_Match272_1752897898,Gen1_Deck24,Gen1_Deck16,Gen1_Deck16,0,1,28.618839502334595,3586373,Gen1_Match272_1752897898.txt,,2025-07-19T04:57:21.239865
1,Gen1_Match273_1752897898,Gen1_Deck18,Gen1_Deck17,Gen1_Deck17,0,1,33.16214394569397,3586371,Gen1_Match273_1752897898.txt,,2025-07-19T04:57:31.444525
1,Gen1_Match274_1752897898,Gen1_Deck19,Gen1_Deck17,Gen1_Deck19,1,0,31.202750205993652,3586372,Gen1_Match274_1752897898.txt,,2025-07-19T04:57:48.626435
1,Gen1_Match275_1752897898,Gen1_Deck17,Gen1_Deck20,Gen1_Deck20,0,1,28.718083143234253,3586373,Gen1_Match275_1752897898.txt,,2025-07-19T04:57:49.958408
1,Gen1_Match276_1752897898,Gen1_Deck17,Gen1_Deck21,Gen1_Deck17,1,0,32.91288614273071,3586371,Gen1_Match276_1752897898.txt,,2025-07-19T04:58:04.357865
1,Gen1_Match278_1752897898,Gen1_Deck23,Gen1_Deck17,Gen1_Deck23,1,0,24.334465265274048,3586373,Gen1_Match278_1752897898.txt,,2025-07-19T04:58:14.293322
1,Gen1_Match277_1752897898,Gen1_Deck22,Gen1_Deck17,Gen1_Deck17,0,1,39.21888542175293,3586372,Gen1_Match277_1752897898.txt,,2025-07-19T04:58:27.845889
1,Gen1_Match279_1752897898,Gen1_Deck17,Gen1_Deck24,Gen1_Deck17,1,0,31.358304738998413,3586371,Gen1_Match279_1752897898.txt,,2025-07-19T04:58:35.716632
1,Gen1_Match280_1752897898,Gen1_Deck18,Gen1_Deck19,Gen1_Deck18,1,0,27.173397302627563,3586373,Gen1_Match280_1752897898.txt,,2025-07-19T04:58:41.467168
1,Gen1_Match282_1752897898,Gen1_Deck21,Gen1_Deck18,Gen1_Deck18,0,1,26.153085708618164,3586371,Gen1_Match282_1752897898.txt,,2025-07-19T04:59:01.870170
1,Gen1_Match281_1752897898,Gen1_Deck20,Gen1_Deck18,Gen1_Deck20,1,0,36.426045656204224,3586372,Gen1_Match281_1752897898.txt,,2025-07-19T04:59:04.272374
1,Gen1_Match283_1752897898,Gen1_Deck18,Gen1_Deck22,Gen1_Deck22,0,1,39.3387176990509,3586373,Gen1_Match283_1752897898.txt,,2025-07-19T04:59:20.806409
1,Gen1_Match285_1752897898,Gen1_Deck24,Gen1_Deck18,Gen1_Deck18,0,1,31.39513325691223,3586372,Gen1_Match285_1752897898.txt,,2025-07-19T04:59:35.667969
1,Gen1_Match284_1752897898,Gen1_Deck18,Gen1_Deck23,Gen1_Deck23,0,1,41.58189392089844,3586371,Gen1_Match284_1752897898.txt,,2025-07-19T04:59:43.452600
1,Gen1_Match287_1752897898,Gen1_Deck19,Gen1_Deck21,Gen1_Deck21,0,1,26.508123874664307,3586372,Gen1_Match287_1752897898.txt,,2025-07-19T05:00:02.176550
1,Gen1_Match288_1752897898,Gen1_Deck19,Gen1_Deck22,Gen1_Deck22,0,1,29.86030912399292,3586371,Gen1_Match288_1752897898.txt,,2025-07-19T05:00:13.313385
1,Gen1_Match286_1752897898,Gen1_Deck19,Gen1_Deck20,Gen1_Deck20,0,1,54.03904891014099,3586373,Gen1_Match286_1752897898.txt,,2025-07-19T05:00:14.845935
1,Gen1_Match289_1752897898,Gen1_Deck23,Gen1_Deck19,Gen1_Deck19,0,1,28.900102853775024,3586372,Gen1_Match289_1752897898.txt,,2025-07-19T05:00:31.077103
1,Gen1_Match291_1752897898,Gen1_Deck20,Gen1_Deck21,Gen1_Deck21,0,1,29.740023136138916,3586373,Gen1_Match291_1752897898.txt,,2025-07-19T05:00:44.586427
1,Gen1_Match290_1752897898,Gen1_Deck19,Gen1_Deck24,Gen1_Deck19,1,0,31.28982639312744,3586371,Gen1_Match290_1752897898.txt,,2025-07-19T05:00:44.603637
1,Gen1_Match292_1752897898,Gen1_Deck22,Gen1_Deck20,Gen1_Deck22,1,0,28.83495783805847,3586372,Gen1_Match292_1752897898.txt,,2025-07-19T05:00:59.912562
1,Gen1_Match293_1752897898,Gen1_Deck23,Gen1_Deck20,Gen1_Deck23,1,0,26.28009796142578,3586373,Gen1_Match293_1752897898.txt,,2025-07-19T05:01:10.867041
1,Gen1_Match294_1752897898,Gen1_Deck20,Gen1_Deck24,Gen1_Deck24,0,1,26.988506317138672,3586371,Gen1_Match294_1752897898.txt,,2025-07-19T05:01:11.592558
1,Gen1_Match295_1752897898,Gen1_Deck21,Gen1_Deck22,Gen1_Deck22,0,1,24.61269497871399,3586372,Gen1_Match295_1752897898.txt,,2025-07-19T05:01:24.525722
1,Gen1_Match296_1752897898,Gen1_Deck23,Gen1_Deck21,Gen1_Deck23,1,0,30.78023862838745,3586373,Gen1_Match296_1752897898.txt,,2025-07-19T05:01:41.647827
1,Gen1_Match297_1752897898,Gen1_Deck24,Gen1_Deck21,Gen1_Deck21,0,1,31.723004579544067,3586371,Gen1_Match297_1752897898.txt,,2025-07-19T05:01:43.316034
1,Gen1_Match298_1752897898,Gen1_Deck23,Gen1_Deck22,Gen1_Deck23,1,0,26.626583576202393,3586372,Gen1_Match298_1752897898.txt,,2025-07-19T05:01:51.152749
1,Gen1_Match299_1752897898,Gen1_Deck22,Gen1_Deck24,Gen1_Deck22,1,0,27.2783522605896,3586373,Gen1_Match299_1752897898.txt,,2025-07-19T05:02:08.926772
1,Gen1_Match300_1752897898,Gen1_Deck24,Gen1_Deck23,Gen1_Deck24,1,0,45.13660502433777,3586371,Gen1_Match300_1752897898.txt,,2025-07-19T05:02:28.453751
